filename,image_path,latitude,longitude,heading
Run 10_Camera 4 360_115_1.jpg,/Users/jiaweihu/Desktop/BBxB/Front_End_BBxB/Data/BBxBImages/Run 10_Camera 4 360_115_1.jpg,39.30366722222222,-76.58381027777777,175.53186464
Run 10_Camera 4 360_130_3.jpg,/Users/jiaweihu/Desktop/BBxB/Front_End_BBxB/Data/BBxBImages/Run 10_Camera 4 360_130_3.jpg,39.2940925,-76.65437083333335,356.0005418
Run 10_Camera 4 360_136_1.jpg,/Users/jiaweihu/Desktop/BBxB/Front_End_BBxB/Data/BBxBImages/Run 10_Camera 4 360_136_1.jpg,39.2941,-76.65416055555556,357.220324
Run 10_Camera 4 360_137_1.jpg,/Users/jiaweihu/Desktop/BBxB/Front_End_BBxB/Data/BBxBImages/Run 10_Camera 4 360_137_1.jpg,39.29410055555555,-76.65412555555557,357.246696
Run 10_Camera 4 360_141_1.jpg,/Users/jiaweihu/Desktop/BBxB/Front_End_BBxB/Data/BBxBImages/Run 10_Camera 4 360_141_1.jpg,39.294106944444444,-76.6539863888889,352.2549176
Run 10_Camera 4 360_14_1.jpg,/Users/jiaweihu/Desktop/BBxB/Front_End_BBxB/Data/BBxBImages/Run 10_Camera 4 360_14_1.jpg,39.312017499999996,-76.61501055555556,86.45961425
Run 10_Camera 4 360_151_1.jpg,/Users/jiaweihu/Desktop/BBxB/Front_End_BBxB/Data/BBxBImages/Run 10_Camera 4 360_151_1.jpg,39.29411722222222,-76.65363444444445,357.6921518
Run 10_Camera 4 360_152_1.jpg,/Users/jiaweihu/Desktop/BBxB/Front_End_BBxB/Data/BBxBImages/Run 10_Camera 4 360_152_1.jpg,39.2941175,-76.65359944444445,357.3933332
Run 10_Camera 4 360_169_1.jpg,/Users/jiaweihu/Desktop/BBxB/Front_End_BBxB/Data/BBxBImages/Run 10_Camera 4 360_169_1.jpg,39.294307777777775,-76.65319833333334,266.6652575
Run 10_Camera 4 360_192_3.jpg,/Users/jiaweihu/Desktop/BBxB/Front_End_BBxB/Data/BBxBImages/Run 10_Camera 4 360_192_3.jpg,39.30271277777778,-76.58539999999999,86.2841572
Run 10_Camera 4 360_23_1.jpg,/Users/jiaweihu/Desktop/BBxB/Front_End_BBxB/Data/BBxBImages/Run 10_Camera 4 360_23_1.jpg,39.30536361111111,-76.58272138888888,85.7137174
Run 10_Camera 4 360_265_1.jpg,/Users/jiaweihu/Desktop/BBxB/Front_End_BBxB/Data/BBxBImages/Run 10_Camera 4 360_265_1.jpg,39.300850277777776,-76.58557166666667,174.849443
Run 10_Camera 4 360_272_1.jpg,/Users/jiaweihu/Desktop/BBxB/Front_End_BBxB/Data/BBxBImages/Run 10_Camera 4 360_272_1.jpg,39.30084027777777,-76.58581972222221,176.4596452
Run 10_Camera 4 360_36_1.jpg,/Users/jiaweihu/Desktop/BBxB/Front_End_BBxB/Data/BBxBImages/Run 10_Camera 4 360_36_1.jpg,39.30500472222222,-76.58270027777777,85.8960276
Run 10_Camera 4 360_56_1.jpg,/Users/jiaweihu/Desktop/BBxB/Front_End_BBxB/Data/BBxBImages/Run 10_Camera 4 360_56_1.jpg,39.311211111111106,-76.61554861111111,177.2156327
Run 10_Camera 4 360_71_3.jpg,/Users/jiaweihu/Desktop/BBxB/Front_End_BBxB/Data/BBxBImages/Run 10_Camera 4 360_71_3.jpg,39.2940125,-76.65642944444446,355.8248915
Run 10_Camera 4 360_73_3.jpg,/Users/jiaweihu/Desktop/BBxB/Front_End_BBxB/Data/BBxBImages/Run 10_Camera 4 360_73_3.jpg,39.294015277777774,-76.65635972222223,355.2972816
Run 10_Camera 4 360_77_3.jpg,/Users/jiaweihu/Desktop/BBxB/Front_End_BBxB/Data/BBxBImages/Run 10_Camera 4 360_77_3.jpg,39.294021666666666,-76.65621972222223,354.081067
Run 10_Camera 4 360_81_1.jpg,/Users/jiaweihu/Desktop/BBxB/Front_End_BBxB/Data/BBxBImages/Run 10_Camera 4 360_81_1.jpg,39.29403,-76.65608055555556,354.674183
Run 10_Camera 4 360_82_1.jpg,/Users/jiaweihu/Desktop/BBxB/Front_End_BBxB/Data/BBxBImages/Run 10_Camera 4 360_82_1.jpg,39.29403166666666,-76.656045,355.04091136
Run 10_Camera 4 360_83_3.jpg,/Users/jiaweihu/Desktop/BBxB/Front_End_BBxB/Data/BBxBImages/Run 10_Camera 4 360_83_3.jpg,39.29403333333333,-76.65601027777778,355.3012335
Run 10_Camera 4 360_84_1.jpg,/Users/jiaweihu/Desktop/BBxB/Front_End_BBxB/Data/BBxBImages/Run 10_Camera 4 360_84_1.jpg,39.29403472222222,-76.65597527777778,355.4859056
Run 11_Camera 4 360_30_1.jpg,/Users/jiaweihu/Desktop/BBxB/Front_End_BBxB/Data/BBxBImages/Run 11_Camera 4 360_30_1.jpg,39.311141666666664,-76.6173861111111,175.585134
Run 11_Camera 4 360_35_1.jpg,/Users/jiaweihu/Desktop/BBxB/Front_End_BBxB/Data/BBxBImages/Run 11_Camera 4 360_35_1.jpg,39.31113472222222,-76.61756166666666,176.0194458
Run 12_Camera 4 360_102_1.jpg,/Users/jiaweihu/Desktop/BBxB/Front_End_BBxB/Data/BBxBImages/Run 12_Camera 4 360_102_1.jpg,39.297733055555554,-76.65337916666667,265.6638
Run 12_Camera 4 360_112_1.jpg,/Users/jiaweihu/Desktop/BBxB/Front_End_BBxB/Data/BBxBImages/Run 12_Camera 4 360_112_1.jpg,39.29800888888889,-76.65339694444445,265.870435
Run 12_Camera 4 360_139_1.jpg,/Users/jiaweihu/Desktop/BBxB/Front_End_BBxB/Data/BBxBImages/Run 12_Camera 4 360_139_1.jpg,39.29853027777778,-76.65377361111112,176.4654644
Run 12_Camera 4 360_157_1.jpg,/Users/jiaweihu/Desktop/BBxB/Front_End_BBxB/Data/BBxBImages/Run 12_Camera 4 360_157_1.jpg,39.29850722222222,-76.65440972222223,177.81559168
Run 12_Camera 4 360_184_3.jpg,/Users/jiaweihu/Desktop/BBxB/Front_End_BBxB/Data/BBxBImages/Run 12_Camera 4 360_184_3.jpg,39.30191444444444,-76.59438305555555,266.126824
Run 12_Camera 4 360_186_1.jpg,/Users/jiaweihu/Desktop/BBxB/Front_End_BBxB/Data/BBxBImages/Run 12_Camera 4 360_186_1.jpg,39.29890388888889,-76.65499972222223,264.7201136
Run 12_Camera 4 360_196_3 (2).jpg,/Users/jiaweihu/Desktop/BBxB/Front_End_BBxB/Data/BBxBImages/Run 12_Camera 4 360_196_3 (2).jpg,39.29917888888889,-76.65501527777778,267.453436
Run 12_Camera 4 360_196_3.jpg,/Users/jiaweihu/Desktop/BBxB/Front_End_BBxB/Data/BBxBImages/Run 12_Camera 4 360_196_3.jpg,39.30224888888888,-76.5944036111111,266.0585714
Run 12_Camera 4 360_218_3.jpg,/Users/jiaweihu/Desktop/BBxB/Front_End_BBxB/Data/BBxBImages/Run 12_Camera 4 360_218_3.jpg,39.30285833333333,-76.5944425,265.6902306
Run 12_Camera 4 360_23_3.jpg,/Users/jiaweihu/Desktop/BBxB/Front_End_BBxB/Data/BBxBImages/Run 12_Camera 4 360_23_3.jpg,39.311105,-76.61845027777777,176.281225
Run 12_Camera 4 360_34_1.jpg,/Users/jiaweihu/Desktop/BBxB/Front_End_BBxB/Data/BBxBImages/Run 12_Camera 4 360_34_1.jpg,39.29584944444444,-76.6532763888889,266.13608675
Run 12_Camera 4 360_60_3.jpg,/Users/jiaweihu/Desktop/BBxB/Front_End_BBxB/Data/BBxBImages/Run 12_Camera 4 360_60_3.jpg,39.30061361111111,-76.59161138888888,176.3667382
Run 12_Camera 4 360_69_3.jpg,/Users/jiaweihu/Desktop/BBxB/Front_End_BBxB/Data/BBxBImages/Run 12_Camera 4 360_69_3.jpg,39.296817222222224,-76.65332611111111,266.058617
Run 12_Camera 4 360_77_3.jpg,/Users/jiaweihu/Desktop/BBxB/Front_End_BBxB/Data/BBxBImages/Run 12_Camera 4 360_77_3.jpg,39.297038055555554,-76.65334027777779,266.0596488
Run 12_Camera 4 360_82_1.jpg,/Users/jiaweihu/Desktop/BBxB/Front_End_BBxB/Data/BBxBImages/Run 12_Camera 4 360_82_1.jpg,39.297177777777776,-76.65334777777778,266.454086
Run 12_Camera 4 360_90_3.jpg,/Users/jiaweihu/Desktop/BBxB/Front_End_BBxB/Data/BBxBImages/Run 12_Camera 4 360_90_3.jpg,39.297401388888886,-76.65335944444445,266.1900464
Run 12_Camera 4 360_92_1.jpg,/Users/jiaweihu/Desktop/BBxB/Front_End_BBxB/Data/BBxBImages/Run 12_Camera 4 360_92_1.jpg,39.29745722222222,-76.6533625,265.95801
Run 12_Camera 4 360_99_3.jpg,/Users/jiaweihu/Desktop/BBxB/Front_End_BBxB/Data/BBxBImages/Run 12_Camera 4 360_99_3.jpg,39.29765111111111,-76.65337416666667,265.9359414
Run 13_Camera 4 360_199_3.jpg,/Users/jiaweihu/Desktop/BBxB/Front_End_BBxB/Data/BBxBImages/Run 13_Camera 4 360_199_3.jpg,39.31081194444444,-76.62608194444444,174.2963776
Run 13_Camera 4 360_20_3.jpg,/Users/jiaweihu/Desktop/BBxB/Front_End_BBxB/Data/BBxBImages/Run 13_Camera 4 360_20_3.jpg,39.300019999999996,-76.65506444444445,266.0360984
Run 13_Camera 4 360_218_1.jpg,/Users/jiaweihu/Desktop/BBxB/Front_End_BBxB/Data/BBxBImages/Run 13_Camera 4 360_218_1.jpg,39.31077416666666,-76.6267575,174.301132
Run 13_Camera 4 360_21_3.jpg,/Users/jiaweihu/Desktop/BBxB/Front_End_BBxB/Data/BBxBImages/Run 13_Camera 4 360_21_3.jpg,39.30004722222222,-76.65506611111111,266.352365
Run 13_Camera 4 360_41_3.jpg,/Users/jiaweihu/Desktop/BBxB/Front_End_BBxB/Data/BBxBImages/Run 13_Camera 4 360_41_3.jpg,39.30526138888889,-76.59459055555556,266.096619
Run 13_Camera 4 360_54_3.jpg,/Users/jiaweihu/Desktop/BBxB/Front_End_BBxB/Data/BBxBImages/Run 13_Camera 4 360_54_3.jpg,39.30095,-76.65512027777778,265.954977
Run 14_Camera 4 360_10_1.jpg,/Users/jiaweihu/Desktop/BBxB/Front_End_BBxB/Data/BBxBImages/Run 14_Camera 4 360_10_1.jpg,39.29935666666667,-76.65658777777779,86.3725296
Run 14_Camera 4 360_17_1.jpg,/Users/jiaweihu/Desktop/BBxB/Front_End_BBxB/Data/BBxBImages/Run 14_Camera 4 360_17_1.jpg,39.29916361111111,-76.65657750000001,86.25196608
Run 14_Camera 4 360_35_3.jpg,/Users/jiaweihu/Desktop/BBxB/Front_End_BBxB/Data/BBxBImages/Run 14_Camera 4 360_35_3.jpg,39.29867,-76.65655194444444,87.1167492
Run 14_Camera 4 360_51_1.jpg,/Users/jiaweihu/Desktop/BBxB/Front_End_BBxB/Data/BBxBImages/Run 14_Camera 4 360_51_1.jpg,39.30978833333333,-76.59487388888888,265.5809792
Run 14_Camera 4 360_52_3.jpg,/Users/jiaweihu/Desktop/BBxB/Front_End_BBxB/Data/BBxBImages/Run 14_Camera 4 360_52_3.jpg,39.30981555555555,-76.59487555555555,265.4841206
Run 14_Camera 4 360_66_3.jpg,/Users/jiaweihu/Desktop/BBxB/Front_End_BBxB/Data/BBxBImages/Run 14_Camera 4 360_66_3.jpg,39.310447777777775,-76.63439472222223,175.65156
Run 14_Camera 4 360_84_3.jpg,/Users/jiaweihu/Desktop/BBxB/Front_End_BBxB/Data/BBxBImages/Run 14_Camera 4 360_84_3.jpg,39.31041916666666,-76.63503194444445,175.117269
Run 15_Camera 4 360_117_3.jpg,/Users/jiaweihu/Desktop/BBxB/Front_End_BBxB/Data/BBxBImages/Run 15_Camera 4 360_117_3.jpg,39.31021944444444,-76.6394125,175.3023869
Run 15_Camera 4 360_121_1.jpg,/Users/jiaweihu/Desktop/BBxB/Front_End_BBxB/Data/BBxBImages/Run 15_Camera 4 360_121_1.jpg,39.31021305555555,-76.63955472222223,175.6007334
Run 15_Camera 4 360_27_3.jpg,/Users/jiaweihu/Desktop/BBxB/Front_End_BBxB/Data/BBxBImages/Run 15_Camera 4 360_27_3.jpg,39.29783916666666,-76.65650833333333,85.980213
Run 15_Camera 4 360_33_3.jpg,/Users/jiaweihu/Desktop/BBxB/Front_End_BBxB/Data/BBxBImages/Run 15_Camera 4 360_33_3.jpg,39.310354999999994,-76.6364188888889,175.3205298
Run 15_Camera 4 360_38_3.jpg,/Users/jiaweihu/Desktop/BBxB/Front_End_BBxB/Data/BBxBImages/Run 15_Camera 4 360_38_3.jpg,39.29753638888889,-76.65649305555556,86.88328
Run 15_Camera 4 360_53_3.jpg,/Users/jiaweihu/Desktop/BBxB/Front_End_BBxB/Data/BBxBImages/Run 15_Camera 4 360_53_3.jpg,39.29712222222222,-76.6564738888889,86.3392948
Run 15_Camera 4 360_65_3.jpg,/Users/jiaweihu/Desktop/BBxB/Front_End_BBxB/Data/BBxBImages/Run 15_Camera 4 360_65_3.jpg,39.31030277777778,-76.63755555555556,175.5355197
Run 15_Camera 4 360_74_1.jpg,/Users/jiaweihu/Desktop/BBxB/Front_End_BBxB/Data/BBxBImages/Run 15_Camera 4 360_74_1.jpg,39.31028944444444,-76.63787555555557,175.9184929
Run 15_Camera 4 360_74_3.jpg,/Users/jiaweihu/Desktop/BBxB/Front_End_BBxB/Data/BBxBImages/Run 15_Camera 4 360_74_3.jpg,39.31028944444444,-76.63787555555557,175.9184929
Run 15_Camera 4 360_7_3.jpg,/Users/jiaweihu/Desktop/BBxB/Front_End_BBxB/Data/BBxBImages/Run 15_Camera 4 360_7_3.jpg,39.31190972222222,-76.59501,266.3477045
Run 15_Camera 4 360_91_3.jpg,/Users/jiaweihu/Desktop/BBxB/Front_End_BBxB/Data/BBxBImages/Run 15_Camera 4 360_91_3.jpg,39.31025888888889,-76.63848166666668,176.2813521
Run 16_Camera 4 360_125_3 (2).jpg,/Users/jiaweihu/Desktop/BBxB/Front_End_BBxB/Data/BBxBImages/Run 16_Camera 4 360_125_3 (2).jpg,39.29524277777777,-76.65327805555556,87.366228
Run 16_Camera 4 360_125_3.jpg,/Users/jiaweihu/Desktop/BBxB/Front_End_BBxB/Data/BBxBImages/Run 16_Camera 4 360_125_3.jpg,39.3159875,-76.59949805555556,127.9297311
Run 16_Camera 4 360_126_1.jpg,/Users/jiaweihu/Desktop/BBxB/Front_End_BBxB/Data/BBxBImages/Run 16_Camera 4 360_126_1.jpg,39.31596611111111,-76.59952027777777,127.9823872
Run 16_Camera 4 360_134_3.jpg,/Users/jiaweihu/Desktop/BBxB/Front_End_BBxB/Data/BBxBImages/Run 16_Camera 4 360_134_3.jpg,39.315794999999994,-76.59970222222222,128.1482138
Run 16_Camera 4 360_17_3.jpg,/Users/jiaweihu/Desktop/BBxB/Front_End_BBxB/Data/BBxBImages/Run 16_Camera 4 360_17_3.jpg,39.31017027777777,-76.64050861111112,175.7334882
Run 16_Camera 4 360_18_1.jpg,/Users/jiaweihu/Desktop/BBxB/Front_End_BBxB/Data/BBxBImages/Run 16_Camera 4 360_18_1.jpg,39.31457416666667,-76.5975625,307.254367
Run 16_Camera 4 360_20_3.jpg,/Users/jiaweihu/Desktop/BBxB/Front_End_BBxB/Data/BBxBImages/Run 16_Camera 4 360_20_3.jpg,39.29622861111111,-76.65590722222223,355.7503728
Run 16_Camera 4 360_23_1.jpg,/Users/jiaweihu/Desktop/BBxB/Front_End_BBxB/Data/BBxBImages/Run 16_Camera 4 360_23_1.jpg,39.310161388888886,-76.64072055555556,175.7145856
Run 16_Camera 4 360_23_3.jpg,/Users/jiaweihu/Desktop/BBxB/Front_End_BBxB/Data/BBxBImages/Run 16_Camera 4 360_23_3.jpg,39.296232499999995,-76.65580138888889,356.6000625
Run 16_Camera 4 360_2_1.jpg,/Users/jiaweihu/Desktop/BBxB/Front_End_BBxB/Data/BBxBImages/Run 16_Camera 4 360_2_1.jpg,39.31019611111111,-76.63998055555557,175.4392644
Run 16_Camera 4 360_32_3.jpg,/Users/jiaweihu/Desktop/BBxB/Front_End_BBxB/Data/BBxBImages/Run 16_Camera 4 360_32_3.jpg,39.31014916666666,-76.64103972222223,176.3444195
Run 16_Camera 4 360_61_1.jpg,/Users/jiaweihu/Desktop/BBxB/Front_End_BBxB/Data/BBxBImages/Run 16_Camera 4 360_61_1.jpg,39.295877777777775,-76.65485611111112,87.0957223
Run 16_Camera 4 360_72_1.jpg,/Users/jiaweihu/Desktop/BBxB/Front_End_BBxB/Data/BBxBImages/Run 16_Camera 4 360_72_1.jpg,39.29560166666666,-76.65478166666668,29.7115532
Run 16_Camera 4 360_75_3.jpg,/Users/jiaweihu/Desktop/BBxB/Front_End_BBxB/Data/BBxBImages/Run 16_Camera 4 360_75_3.jpg,39.31568444444444,-76.59816777777777,218.535277
Run 16_Camera 4 360_76_1.jpg,/Users/jiaweihu/Desktop/BBxB/Front_End_BBxB/Data/BBxBImages/Run 16_Camera 4 360_76_1.jpg,39.31570166666666,-76.59819499999999,218.850414
Run 16_Camera 4 360_78_3.jpg,/Users/jiaweihu/Desktop/BBxB/Front_End_BBxB/Data/BBxBImages/Run 16_Camera 4 360_78_3.jpg,39.29557,-76.65458305555556,358.498829
Run 16_Camera 4 360_86_1.jpg,/Users/jiaweihu/Desktop/BBxB/Front_End_BBxB/Data/BBxBImages/Run 16_Camera 4 360_86_1.jpg,39.31587527777778,-76.59846638888888,217.595564
Run 16_Camera 4 360_94_1.jpg,/Users/jiaweihu/Desktop/BBxB/Front_End_BBxB/Data/BBxBImages/Run 16_Camera 4 360_94_1.jpg,39.295583055555554,-76.65401222222222,356.78555
Run 17_Camera 4 360_123_1.jpg,/Users/jiaweihu/Desktop/BBxB/Front_End_BBxB/Data/BBxBImages/Run 17_Camera 4 360_123_1.jpg,39.29688972222222,-76.64967361111111,174.417086
Run 17_Camera 4 360_174_3.jpg,/Users/jiaweihu/Desktop/BBxB/Front_End_BBxB/Data/BBxBImages/Run 17_Camera 4 360_174_3.jpg,39.29745444444444,-76.65019805555556,356.4837144
Run 17_Camera 4 360_18_3.jpg,/Users/jiaweihu/Desktop/BBxB/Front_End_BBxB/Data/BBxBImages/Run 17_Camera 4 360_18_3.jpg,39.29537583333333,-76.65045222222223,265.512864
Run 17_Camera 4 360_191_3.jpg,/Users/jiaweihu/Desktop/BBxB/Front_End_BBxB/Data/BBxBImages/Run 17_Camera 4 360_191_3.jpg,39.297475,-76.64959944444445,357.019826
Run 17_Camera 4 360_199_3.jpg,/Users/jiaweihu/Desktop/BBxB/Front_End_BBxB/Data/BBxBImages/Run 17_Camera 4 360_199_3.jpg,39.29748055555555,-76.64931972222223,356.922933
Run 17_Camera 4 360_215_3.jpg,/Users/jiaweihu/Desktop/BBxB/Front_End_BBxB/Data/BBxBImages/Run 17_Camera 4 360_215_3.jpg,39.29749972222222,-76.64875777777779,356.6324045
Run 17_Camera 4 360_218_1.jpg,/Users/jiaweihu/Desktop/BBxB/Front_End_BBxB/Data/BBxBImages/Run 17_Camera 4 360_218_1.jpg,39.29750277777777,-76.64865277777778,356.665169
Run 17_Camera 4 360_245_1.jpg,/Users/jiaweihu/Desktop/BBxB/Front_End_BBxB/Data/BBxBImages/Run 17_Camera 4 360_245_1.jpg,39.296972777777775,-76.64828333333334,86.3231921
Run 17_Camera 4 360_245_3.jpg,/Users/jiaweihu/Desktop/BBxB/Front_End_BBxB/Data/BBxBImages/Run 17_Camera 4 360_245_3.jpg,39.310583888888885,-76.59513805555555,85.7267894
Run 17_Camera 4 360_267_1.jpg,/Users/jiaweihu/Desktop/BBxB/Front_End_BBxB/Data/BBxBImages/Run 17_Camera 4 360_267_1.jpg,39.29638972222222,-76.64822722222223,37.42460824
Run 17_Camera 4 360_26_1.jpg,/Users/jiaweihu/Desktop/BBxB/Front_End_BBxB/Data/BBxBImages/Run 17_Camera 4 360_26_1.jpg,39.29559611111111,-76.65046833333334,266.03279424
Run 17_Camera 4 360_302_3.jpg,/Users/jiaweihu/Desktop/BBxB/Front_End_BBxB/Data/BBxBImages/Run 17_Camera 4 360_302_3.jpg,39.30901055555555,-76.59504249999999,85.96257848
Run 17_Camera 4 360_304_1.jpg,/Users/jiaweihu/Desktop/BBxB/Front_End_BBxB/Data/BBxBImages/Run 17_Camera 4 360_304_1.jpg,39.296392777777776,-76.64694361111111,355.869816
Run 17_Camera 4 360_309_1.jpg,/Users/jiaweihu/Desktop/BBxB/Front_End_BBxB/Data/BBxBImages/Run 17_Camera 4 360_309_1.jpg,39.308817777777776,-76.59503027777777,85.64579145
Run 17_Camera 4 360_315_1.jpg,/Users/jiaweihu/Desktop/BBxB/Front_End_BBxB/Data/BBxBImages/Run 17_Camera 4 360_315_1.jpg,39.29640138888889,-76.64655583333334,357.971556
Run 17_Camera 4 360_320_3.jpg,/Users/jiaweihu/Desktop/BBxB/Front_End_BBxB/Data/BBxBImages/Run 17_Camera 4 360_320_3.jpg,39.308515,-76.59500833333333,86.0637624
Run 17_Camera 4 360_322_1.jpg,/Users/jiaweihu/Desktop/BBxB/Front_End_BBxB/Data/BBxBImages/Run 17_Camera 4 360_322_1.jpg,39.29645444444444,-76.64634472222222,292.787994
Run 17_Camera 4 360_33_1.jpg,/Users/jiaweihu/Desktop/BBxB/Front_End_BBxB/Data/BBxBImages/Run 17_Camera 4 360_33_1.jpg,39.314929166666666,-76.59927805555554,37.29042044
Run 17_Camera 4 360_367_1.jpg,/Users/jiaweihu/Desktop/BBxB/Front_End_BBxB/Data/BBxBImages/Run 17_Camera 4 360_367_1.jpg,39.29759972222222,-76.64647361111112,182.2398047
Run 17_Camera 4 360_37_3.jpg,/Users/jiaweihu/Desktop/BBxB/Front_End_BBxB/Data/BBxBImages/Run 17_Camera 4 360_37_3.jpg,39.295896388888885,-76.6504863888889,266.9316864
Run 17_Camera 4 360_392_3.jpg,/Users/jiaweihu/Desktop/BBxB/Front_End_BBxB/Data/BBxBImages/Run 17_Camera 4 360_392_3.jpg,39.30652333333333,-76.59488666666667,86.7867785
Run 17_Camera 4 360_3_1.jpg,/Users/jiaweihu/Desktop/BBxB/Front_End_BBxB/Data/BBxBImages/Run 17_Camera 4 360_3_1.jpg,39.315482499999995,-76.59998888888889,104.2952452
Run 17_Camera 4 360_410_1.jpg,/Users/jiaweihu/Desktop/BBxB/Front_End_BBxB/Data/BBxBImages/Run 17_Camera 4 360_410_1.jpg,39.298633333333335,-76.64675666666668,268.8146146
Run 17_Camera 4 360_423_3.jpg,/Users/jiaweihu/Desktop/BBxB/Front_End_BBxB/Data/BBxBImages/Run 17_Camera 4 360_423_3.jpg,39.30567083333333,-76.59483166666666,86.49555
Run 17_Camera 4 360_446_1.jpg,/Users/jiaweihu/Desktop/BBxB/Front_End_BBxB/Data/BBxBImages/Run 17_Camera 4 360_446_1.jpg,39.299615277777775,-76.64676666666668,266.475636
Run 17_Camera 4 360_449_3.jpg,/Users/jiaweihu/Desktop/BBxB/Front_End_BBxB/Data/BBxBImages/Run 17_Camera 4 360_449_3.jpg,39.29969666666666,-76.64677166666668,265.727847
Run 17_Camera 4 360_452_3.jpg,/Users/jiaweihu/Desktop/BBxB/Front_End_BBxB/Data/BBxBImages/Run 17_Camera 4 360_452_3.jpg,39.30531916666666,-76.59551416666666,175.9029082
Run 17_Camera 4 360_536_1.jpg,/Users/jiaweihu/Desktop/BBxB/Front_End_BBxB/Data/BBxBImages/Run 17_Camera 4 360_536_1.jpg,39.30676361111111,-76.59671999999999,266.637653
Run 17_Camera 4 360_80_1.jpg,/Users/jiaweihu/Desktop/BBxB/Front_End_BBxB/Data/BBxBImages/Run 17_Camera 4 360_80_1.jpg,39.296302222222224,-76.64938166666667,358.0372592
Run 17_Camera 4 360_83_1.jpg,/Users/jiaweihu/Desktop/BBxB/Front_End_BBxB/Data/BBxBImages/Run 17_Camera 4 360_83_1.jpg,39.296303888888886,-76.64927666666668,357.1491915
Run 18_Camera 4 360_105_3.jpg,/Users/jiaweihu/Desktop/BBxB/Front_End_BBxB/Data/BBxBImages/Run 18_Camera 4 360_105_3.jpg,39.3099725,-76.64494555555557,175.3608788
Run 18_Camera 4 360_10_1.jpg,/Users/jiaweihu/Desktop/BBxB/Front_End_BBxB/Data/BBxBImages/Run 18_Camera 4 360_10_1.jpg,39.30737166666666,-76.59754944444444,174.7654195
Run 18_Camera 4 360_110_1.jpg,/Users/jiaweihu/Desktop/BBxB/Front_End_BBxB/Data/BBxBImages/Run 18_Camera 4 360_110_1.jpg,39.30996444444444,-76.64512277777779,175.2885275
Run 18_Camera 4 360_110_3.jpg,/Users/jiaweihu/Desktop/BBxB/Front_End_BBxB/Data/BBxBImages/Run 18_Camera 4 360_110_3.jpg,39.30996444444444,-76.64512277777779,175.2885275
Run 18_Camera 4 360_116_3.jpg,/Users/jiaweihu/Desktop/BBxB/Front_End_BBxB/Data/BBxBImages/Run 18_Camera 4 360_116_3.jpg,39.309953888888884,-76.64533527777779,174.8085404
Run 18_Camera 4 360_117_1.jpg,/Users/jiaweihu/Desktop/BBxB/Front_End_BBxB/Data/BBxBImages/Run 18_Camera 4 360_117_1.jpg,39.30995194444444,-76.64537055555556,174.8037806
Run 18_Camera 4 360_124_3.jpg,/Users/jiaweihu/Desktop/BBxB/Front_End_BBxB/Data/BBxBImages/Run 18_Camera 4 360_124_3.jpg,39.30993944444444,-76.64561722222223,175.3102696
Run 18_Camera 4 360_134_3.jpg,/Users/jiaweihu/Desktop/BBxB/Front_End_BBxB/Data/BBxBImages/Run 18_Camera 4 360_134_3.jpg,39.30992416666666,-76.64596694444445,174.9762491
Run 18_Camera 4 360_137_3.jpg,/Users/jiaweihu/Desktop/BBxB/Front_End_BBxB/Data/BBxBImages/Run 18_Camera 4 360_137_3.jpg,39.30991861111111,-76.64607222222223,174.9455575
Run 18_Camera 4 360_14_3.jpg,/Users/jiaweihu/Desktop/BBxB/Front_End_BBxB/Data/BBxBImages/Run 18_Camera 4 360_14_3.jpg,39.31012666666666,-76.64171083333333,177.140098
Run 18_Camera 4 360_152_3.jpg,/Users/jiaweihu/Desktop/BBxB/Front_End_BBxB/Data/BBxBImages/Run 18_Camera 4 360_152_3.jpg,39.30989638888889,-76.64660444444445,175.0348325
Run 18_Camera 4 360_158_3.jpg,/Users/jiaweihu/Desktop/BBxB/Front_End_BBxB/Data/BBxBImages/Run 18_Camera 4 360_158_3.jpg,39.309885277777774,-76.64681777777778,174.6833964
Run 18_Camera 4 360_168_1.jpg,/Users/jiaweihu/Desktop/BBxB/Front_End_BBxB/Data/BBxBImages/Run 18_Camera 4 360_168_1.jpg,39.309866388888885,-76.64717333333334,174.9705838
Run 18_Camera 4 360_168_3.jpg,/Users/jiaweihu/Desktop/BBxB/Front_End_BBxB/Data/BBxBImages/Run 18_Camera 4 360_168_3.jpg,39.309866388888885,-76.64717333333334,174.9705838
Run 18_Camera 4 360_175_3.jpg,/Users/jiaweihu/Desktop/BBxB/Front_End_BBxB/Data/BBxBImages/Run 18_Camera 4 360_175_3.jpg,39.30985444444444,-76.64742444444445,175.4029372
Run 18_Camera 4 360_177_1.jpg,/Users/jiaweihu/Desktop/BBxB/Front_End_BBxB/Data/BBxBImages/Run 18_Camera 4 360_177_1.jpg,39.30985111111111,-76.64749583333334,175.4456515
Run 18_Camera 4 360_181_1.jpg,/Users/jiaweihu/Desktop/BBxB/Front_End_BBxB/Data/BBxBImages/Run 18_Camera 4 360_181_1.jpg,39.309844722222216,-76.64763888888889,175.5290008
Run 18_Camera 4 360_184_1.jpg,/Users/jiaweihu/Desktop/BBxB/Front_End_BBxB/Data/BBxBImages/Run 18_Camera 4 360_184_1.jpg,39.309839999999994,-76.64774527777779,175.28268928
Run 18_Camera 4 360_199_1.jpg,/Users/jiaweihu/Desktop/BBxB/Front_End_BBxB/Data/BBxBImages/Run 18_Camera 4 360_199_1.jpg,39.30981388888888,-76.64827944444446,175.8079128
Run 18_Camera 4 360_19_3.jpg,/Users/jiaweihu/Desktop/BBxB/Front_End_BBxB/Data/BBxBImages/Run 18_Camera 4 360_19_3.jpg,39.30026722222222,-76.64682027777778,269.0874448
Run 18_Camera 4 360_204_3.jpg,/Users/jiaweihu/Desktop/BBxB/Front_End_BBxB/Data/BBxBImages/Run 18_Camera 4 360_204_3.jpg,39.30980694444444,-76.64845777777778,175.8847007
Run 18_Camera 4 360_223_3.jpg,/Users/jiaweihu/Desktop/BBxB/Front_End_BBxB/Data/BBxBImages/Run 18_Camera 4 360_223_3.jpg,39.30977583333333,-76.64914083333333,174.9528948
Run 18_Camera 4 360_230_3.jpg,/Users/jiaweihu/Desktop/BBxB/Front_End_BBxB/Data/BBxBImages/Run 18_Camera 4 360_230_3.jpg,39.30976305555555,-76.64939027777778,174.9972037
Run 18_Camera 4 360_256_3.jpg,/Users/jiaweihu/Desktop/BBxB/Front_End_BBxB/Data/BBxBImages/Run 18_Camera 4 360_256_3.jpg,39.30972388888889,-76.65031916666668,175.9299836
Run 18_Camera 4 360_267_1.jpg,/Users/jiaweihu/Desktop/BBxB/Front_End_BBxB/Data/BBxBImages/Run 18_Camera 4 360_267_1.jpg,39.309708611111105,-76.65071305555556,175.7944786
Run 18_Camera 4 360_268_1.jpg,/Users/jiaweihu/Desktop/BBxB/Front_End_BBxB/Data/BBxBImages/Run 18_Camera 4 360_268_1.jpg,39.30970722222222,-76.65074805555557,175.9642135
Run 18_Camera 4 360_276_3.jpg,/Users/jiaweihu/Desktop/BBxB/Front_End_BBxB/Data/BBxBImages/Run 18_Camera 4 360_276_3.jpg,39.30969722222222,-76.65103583333334,176.1188781
Run 18_Camera 4 360_289_3.jpg,/Users/jiaweihu/Desktop/BBxB/Front_End_BBxB/Data/BBxBImages/Run 18_Camera 4 360_289_3.jpg,39.30968055555555,-76.65150444444446,176.2402398
Run 18_Camera 4 360_329_1.jpg,/Users/jiaweihu/Desktop/BBxB/Front_End_BBxB/Data/BBxBImages/Run 18_Camera 4 360_329_1.jpg,39.30962777777778,-76.65293611111112,176.484765
Run 18_Camera 4 360_349_3.jpg,/Users/jiaweihu/Desktop/BBxB/Front_End_BBxB/Data/BBxBImages/Run 18_Camera 4 360_349_3.jpg,39.30960222222222,-76.65365194444445,176.27453792
Run 18_Camera 4 360_360_3.jpg,/Users/jiaweihu/Desktop/BBxB/Front_End_BBxB/Data/BBxBImages/Run 18_Camera 4 360_360_3.jpg,39.30958805555555,-76.65404388888889,175.6164766
Run 18_Camera 4 360_365_1.jpg,/Users/jiaweihu/Desktop/BBxB/Front_End_BBxB/Data/BBxBImages/Run 18_Camera 4 360_365_1.jpg,39.30958138888889,-76.6542225,176.1173797
Run 18_Camera 4 360_370_3.jpg,/Users/jiaweihu/Desktop/BBxB/Front_End_BBxB/Data/BBxBImages/Run 18_Camera 4 360_370_3.jpg,39.309574999999995,-76.65440055555555,175.8952448
Run 18_Camera 4 360_373_1.jpg,/Users/jiaweihu/Desktop/BBxB/Front_End_BBxB/Data/BBxBImages/Run 18_Camera 4 360_373_1.jpg,39.30957083333333,-76.65450805555557,175.8926374
Run 18_Camera 4 360_380_3.jpg,/Users/jiaweihu/Desktop/BBxB/Front_End_BBxB/Data/BBxBImages/Run 18_Camera 4 360_380_3.jpg,39.30956111111111,-76.65476361111112,176.070346
Run 18_Camera 4 360_381_1.jpg,/Users/jiaweihu/Desktop/BBxB/Front_End_BBxB/Data/BBxBImages/Run 18_Camera 4 360_381_1.jpg,39.30955972222222,-76.65480055555557,176.0033434
Run 18_Camera 4 360_389_3.jpg,/Users/jiaweihu/Desktop/BBxB/Front_End_BBxB/Data/BBxBImages/Run 18_Camera 4 360_389_3.jpg,39.30954972222222,-76.65508805555557,176.1058284
Run 18_Camera 4 360_395_3.jpg,/Users/jiaweihu/Desktop/BBxB/Front_End_BBxB/Data/BBxBImages/Run 18_Camera 4 360_395_3.jpg,39.30954222222222,-76.65530000000001,176.2122908
Run 18_Camera 4 360_3_1.jpg,/Users/jiaweihu/Desktop/BBxB/Front_End_BBxB/Data/BBxBImages/Run 18_Camera 4 360_3_1.jpg,39.31013861111111,-76.64132416666668,175.1486471
Run 18_Camera 4 360_401_1.jpg,/Users/jiaweihu/Desktop/BBxB/Front_End_BBxB/Data/BBxBImages/Run 18_Camera 4 360_401_1.jpg,39.309535277777776,-76.65551500000001,176.2072742
Run 18_Camera 4 360_413_1.jpg,/Users/jiaweihu/Desktop/BBxB/Front_End_BBxB/Data/BBxBImages/Run 18_Camera 4 360_413_1.jpg,39.30952333333333,-76.65594250000001,176.6881324
Run 18_Camera 4 360_45_3.jpg,/Users/jiaweihu/Desktop/BBxB/Front_End_BBxB/Data/BBxBImages/Run 18_Camera 4 360_45_3.jpg,39.30732333333333,-76.59878222222221,176.34841725
Run 18_Camera 4 360_564_1.jpg,/Users/jiaweihu/Desktop/BBxB/Front_End_BBxB/Data/BBxBImages/Run 18_Camera 4 360_564_1.jpg,39.30931416666667,-76.66131972222223,176.089371
Run 18_Camera 4 360_56_3.jpg,/Users/jiaweihu/Desktop/BBxB/Front_End_BBxB/Data/BBxBImages/Run 18_Camera 4 360_56_3.jpg,39.31005694444444,-76.64319861111112,174.8627344
Run 18_Camera 4 360_593_1.jpg,/Users/jiaweihu/Desktop/BBxB/Front_End_BBxB/Data/BBxBImages/Run 18_Camera 4 360_593_1.jpg,39.30927694444444,-76.66235472222223,176.0470936
Run 18_Camera 4 360_655_1.jpg,/Users/jiaweihu/Desktop/BBxB/Front_End_BBxB/Data/BBxBImages/Run 18_Camera 4 360_655_1.jpg,39.309196111111106,-76.66458833333334,176.3814472
Run 18_Camera 4 360_658_1.jpg,/Users/jiaweihu/Desktop/BBxB/Front_End_BBxB/Data/BBxBImages/Run 18_Camera 4 360_658_1.jpg,39.309192777777774,-76.66469333333333,176.4307122
Run 18_Camera 4 360_659_3.jpg,/Users/jiaweihu/Desktop/BBxB/Front_End_BBxB/Data/BBxBImages/Run 18_Camera 4 360_659_3.jpg,39.30919194444444,-76.66472833333334,176.3409569
Run 18_Camera 4 360_662_1.jpg,/Users/jiaweihu/Desktop/BBxB/Front_End_BBxB/Data/BBxBImages/Run 18_Camera 4 360_662_1.jpg,39.30918861111111,-76.6648338888889,175.9681132
Run 18_Camera 4 360_68_3.jpg,/Users/jiaweihu/Desktop/BBxB/Front_End_BBxB/Data/BBxBImages/Run 18_Camera 4 360_68_3.jpg,39.31003361111111,-76.64362666666668,174.744671
Run 18_Camera 4 360_71_3.jpg,/Users/jiaweihu/Desktop/BBxB/Front_End_BBxB/Data/BBxBImages/Run 18_Camera 4 360_71_3.jpg,39.310028055555556,-76.64373333333334,175.2953109
Run 18_Camera 4 360_78_1.jpg,/Users/jiaweihu/Desktop/BBxB/Front_End_BBxB/Data/BBxBImages/Run 18_Camera 4 360_78_1.jpg,39.3072825,-76.59994722222221,176.387518
Run 18_Camera 4 360_89_1.jpg,/Users/jiaweihu/Desktop/BBxB/Front_End_BBxB/Data/BBxBImages/Run 18_Camera 4 360_89_1.jpg,39.309999166666664,-76.64437861111112,175.4630183
Run 18_Camera 4 360_8_3.jpg,/Users/jiaweihu/Desktop/BBxB/Front_End_BBxB/Data/BBxBImages/Run 18_Camera 4 360_8_3.jpg,39.29996611111111,-76.64679444444445,264.914749
Run 18_Camera 4 360_94_1.jpg,/Users/jiaweihu/Desktop/BBxB/Front_End_BBxB/Data/BBxBImages/Run 18_Camera 4 360_94_1.jpg,39.30999111111111,-76.64455500000001,175.3185532
Run 19_Camera 4 360_108_1.jpg,/Users/jiaweihu/Desktop/BBxB/Front_End_BBxB/Data/BBxBImages/Run 19_Camera 4 360_108_1.jpg,39.30902194444444,-76.66941444444446,175.9925253
Run 19_Camera 4 360_139_3.jpg,/Users/jiaweihu/Desktop/BBxB/Front_End_BBxB/Data/BBxBImages/Run 19_Camera 4 360_139_3.jpg,39.30897777777778,-76.6705163888889,176.1333235
Run 19_Camera 4 360_178_3.jpg,/Users/jiaweihu/Desktop/BBxB/Front_End_BBxB/Data/BBxBImages/Run 19_Camera 4 360_178_3.jpg,39.30895222222222,-76.6719025,176.5570148
Run 19_Camera 4 360_196_3.jpg,/Users/jiaweihu/Desktop/BBxB/Front_End_BBxB/Data/BBxBImages/Run 19_Camera 4 360_196_3.jpg,39.30892472222222,-76.67253944444445,175.3542408
Run 19_Camera 4 360_228_3.jpg,/Users/jiaweihu/Desktop/BBxB/Front_End_BBxB/Data/BBxBImages/Run 19_Camera 4 360_228_3.jpg,39.308883611111106,-76.6736863888889,176.5773745
Run 19_Camera 4 360_31_1.jpg,/Users/jiaweihu/Desktop/BBxB/Front_End_BBxB/Data/BBxBImages/Run 19_Camera 4 360_31_1.jpg,39.30079722222222,-76.6485025,103.18967
Run 19_Camera 4 360_40_1.jpg,/Users/jiaweihu/Desktop/BBxB/Front_End_BBxB/Data/BBxBImages/Run 19_Camera 4 360_40_1.jpg,39.308430277777774,-76.59706249999999,356.778024
Run 19_Camera 4 360_48_3.jpg,/Users/jiaweihu/Desktop/BBxB/Front_End_BBxB/Data/BBxBImages/Run 19_Camera 4 360_48_3.jpg,39.30033638888889,-76.64847527777779,85.1265883
Run 19_Camera 4 360_50_1.jpg,/Users/jiaweihu/Desktop/BBxB/Front_End_BBxB/Data/BBxBImages/Run 19_Camera 4 360_50_1.jpg,39.30028166666666,-76.64847083333333,85.0640395
Run 19_Camera 4 360_50_3.jpg,/Users/jiaweihu/Desktop/BBxB/Front_End_BBxB/Data/BBxBImages/Run 19_Camera 4 360_50_3.jpg,39.30028166666666,-76.64847083333333,85.0640395
Run 19_Camera 4 360_70_1.jpg,/Users/jiaweihu/Desktop/BBxB/Front_End_BBxB/Data/BBxBImages/Run 19_Camera 4 360_70_1.jpg,39.29973833333333,-76.64843194444445,87.0669456
Run 19_Camera 4 360_85_3.jpg,/Users/jiaweihu/Desktop/BBxB/Front_End_BBxB/Data/BBxBImages/Run 19_Camera 4 360_85_3.jpg,39.299324166666665,-76.64841416666667,86.2785409
Run 19_Camera 4 360_94_1.jpg,/Users/jiaweihu/Desktop/BBxB/Front_End_BBxB/Data/BBxBImages/Run 19_Camera 4 360_94_1.jpg,39.309039999999996,-76.66891527777778,175.7673488
Run 1_Camera 4 360_177_3.jpg,/Users/jiaweihu/Desktop/BBxB/Front_End_BBxB/Data/BBxBImages/Run 1_Camera 4 360_177_3.jpg,39.30054694444444,-76.647625,85.77524228
Run 1_Camera 4 360_207_1.jpg,/Users/jiaweihu/Desktop/BBxB/Front_End_BBxB/Data/BBxBImages/Run 1_Camera 4 360_207_1.jpg,39.29971027777778,-76.647575,85.8566867
Run 1_Camera 4 360_218_1.jpg,/Users/jiaweihu/Desktop/BBxB/Front_End_BBxB/Data/BBxBImages/Run 1_Camera 4 360_218_1.jpg,39.29940555555555,-76.6475525,86.45839565
Run 1_Camera 4 360_223_3.jpg,/Users/jiaweihu/Desktop/BBxB/Front_End_BBxB/Data/BBxBImages/Run 1_Camera 4 360_223_3.jpg,39.29926638888889,-76.64755166666667,90.041377
Run 1_Camera 4 360_29_1.jpg,/Users/jiaweihu/Desktop/BBxB/Front_End_BBxB/Data/BBxBImages/Run 1_Camera 4 360_29_1.jpg,39.30889083333333,-76.67190583333334,355.87809
Run 20_Camera 4 360_14_1.jpg,/Users/jiaweihu/Desktop/BBxB/Front_End_BBxB/Data/BBxBImages/Run 20_Camera 4 360_14_1.jpg,39.29871055555555,-76.64803277777779,357.831147
Run 20_Camera 4 360_21_3.jpg,/Users/jiaweihu/Desktop/BBxB/Front_End_BBxB/Data/BBxBImages/Run 20_Camera 4 360_21_3.jpg,39.29871611111111,-76.64778527777779,356.5434664
Run 20_Camera 4 360_32_3.jpg,/Users/jiaweihu/Desktop/BBxB/Front_End_BBxB/Data/BBxBImages/Run 20_Camera 4 360_32_3.jpg,39.30946583333333,-76.59691861111111,220.205966
Run 20_Camera 4 360_54_3.jpg,/Users/jiaweihu/Desktop/BBxB/Front_End_BBxB/Data/BBxBImages/Run 20_Camera 4 360_54_3.jpg,39.309483611111105,-76.59767388888888,179.9595386
Run 21_Camera 4 360_101_1.jpg,/Users/jiaweihu/Desktop/BBxB/Front_End_BBxB/Data/BBxBImages/Run 21_Camera 4 360_101_1.jpg,39.31052944444444,-76.59759861111111,357.123998
Run 21_Camera 4 360_10_1.jpg,/Users/jiaweihu/Desktop/BBxB/Front_End_BBxB/Data/BBxBImages/Run 21_Camera 4 360_10_1.jpg,39.298806388888885,-76.64581222222223,325.3960808
Run 21_Camera 4 360_111_1.jpg,/Users/jiaweihu/Desktop/BBxB/Front_End_BBxB/Data/BBxBImages/Run 21_Camera 4 360_111_1.jpg,39.310540555555555,-76.59724583333333,356.295333
Run 21_Camera 4 360_121_3.jpg,/Users/jiaweihu/Desktop/BBxB/Front_End_BBxB/Data/BBxBImages/Run 21_Camera 4 360_121_3.jpg,39.310655,-76.59699277777777,273.7212322
Run 21_Camera 4 360_145_1.jpg,/Users/jiaweihu/Desktop/BBxB/Front_End_BBxB/Data/BBxBImages/Run 21_Camera 4 360_145_1.jpg,39.31131111111111,-76.59701527777777,266.316028
Run 21_Camera 4 360_161_1.jpg,/Users/jiaweihu/Desktop/BBxB/Front_End_BBxB/Data/BBxBImages/Run 21_Camera 4 360_161_1.jpg,39.311747777777775,-76.5970386111111,264.96862768
Run 21_Camera 4 360_23_1.jpg,/Users/jiaweihu/Desktop/BBxB/Front_End_BBxB/Data/BBxBImages/Run 21_Camera 4 360_23_1.jpg,39.299123055555555,-76.64570777777779,265.953535
Run 21_Camera 4 360_31_3.jpg,/Users/jiaweihu/Desktop/BBxB/Front_End_BBxB/Data/BBxBImages/Run 21_Camera 4 360_31_3.jpg,39.29934194444444,-76.64572222222223,265.945766
Run 21_Camera 4 360_37_1.jpg,/Users/jiaweihu/Desktop/BBxB/Front_End_BBxB/Data/BBxBImages/Run 21_Camera 4 360_37_1.jpg,39.29950638888889,-76.64573138888889,266.360359
Run 22_Camera 4 360_0_3.jpg,/Users/jiaweihu/Desktop/BBxB/Front_End_BBxB/Data/BBxBImages/Run 22_Camera 4 360_0_3.jpg,39.299725277777775,-76.64574250000001,266.3434728
Run 22_Camera 4 360_10_3.jpg,/Users/jiaweihu/Desktop/BBxB/Front_End_BBxB/Data/BBxBImages/Run 22_Camera 4 360_10_3.jpg,39.29997944444444,-76.64575888888889,265.5372406
Run 22_Camera 4 360_112_3.jpg,/Users/jiaweihu/Desktop/BBxB/Front_End_BBxB/Data/BBxBImages/Run 22_Camera 4 360_112_3.jpg,39.31191694444444,-76.59172972222221,85.76140204
Run 22_Camera 4 360_120_3.jpg,/Users/jiaweihu/Desktop/BBxB/Front_End_BBxB/Data/BBxBImages/Run 22_Camera 4 360_120_3.jpg,39.30302333333333,-76.64593944444445,265.808701
Run 22_Camera 4 360_141_1.jpg,/Users/jiaweihu/Desktop/BBxB/Front_End_BBxB/Data/BBxBImages/Run 22_Camera 4 360_141_1.jpg,39.31111694444444,-76.59168222222222,86.3314102
Run 22_Camera 4 360_14_1.jpg,/Users/jiaweihu/Desktop/BBxB/Front_End_BBxB/Data/BBxBImages/Run 22_Camera 4 360_14_1.jpg,39.30008972222222,-76.64576694444445,266.0354768
Run 22_Camera 4 360_175_3.jpg,/Users/jiaweihu/Desktop/BBxB/Front_End_BBxB/Data/BBxBImages/Run 22_Camera 4 360_175_3.jpg,39.30455611111111,-76.64603000000001,265.9440615
Run 22_Camera 4 360_209_3.jpg,/Users/jiaweihu/Desktop/BBxB/Front_End_BBxB/Data/BBxBImages/Run 22_Camera 4 360_209_3.jpg,39.309237777777774,-76.59157166666667,86.2038948
Run 22_Camera 4 360_213_3.jpg,/Users/jiaweihu/Desktop/BBxB/Front_End_BBxB/Data/BBxBImages/Run 22_Camera 4 360_213_3.jpg,39.309127777777775,-76.59156499999999,86.2630491
Run 22_Camera 4 360_223_3.jpg,/Users/jiaweihu/Desktop/BBxB/Front_End_BBxB/Data/BBxBImages/Run 22_Camera 4 360_223_3.jpg,39.30885277777777,-76.59155222222222,87.4181158
Run 22_Camera 4 360_240_3.jpg,/Users/jiaweihu/Desktop/BBxB/Front_End_BBxB/Data/BBxBImages/Run 22_Camera 4 360_240_3.jpg,39.30838583333333,-76.5915175,86.7531879
Run 22_Camera 4 360_250_1.jpg,/Users/jiaweihu/Desktop/BBxB/Front_End_BBxB/Data/BBxBImages/Run 22_Camera 4 360_250_1.jpg,39.30811083333333,-76.59150388888888,86.1149182
Run 22_Camera 4 360_256_3.jpg,/Users/jiaweihu/Desktop/BBxB/Front_End_BBxB/Data/BBxBImages/Run 22_Camera 4 360_256_3.jpg,39.30794611111111,-76.59149416666666,85.7981362
Run 22_Camera 4 360_26_1.jpg,/Users/jiaweihu/Desktop/BBxB/Front_End_BBxB/Data/BBxBImages/Run 22_Camera 4 360_26_1.jpg,39.30041722222222,-76.6457838888889,266.375332
Run 22_Camera 4 360_27_3.jpg,/Users/jiaweihu/Desktop/BBxB/Front_End_BBxB/Data/BBxBImages/Run 22_Camera 4 360_27_3.jpg,39.300444444444445,-76.64578527777779,266.301787
Run 22_Camera 4 360_2_3.jpg,/Users/jiaweihu/Desktop/BBxB/Front_End_BBxB/Data/BBxBImages/Run 22_Camera 4 360_2_3.jpg,39.31208972222222,-76.59535805555555,355.403334
Run 22_Camera 4 360_38_3.jpg,/Users/jiaweihu/Desktop/BBxB/Front_End_BBxB/Data/BBxBImages/Run 22_Camera 4 360_38_3.jpg,39.30074583333333,-76.64580083333334,266.254866
Run 22_Camera 4 360_43_1.jpg,/Users/jiaweihu/Desktop/BBxB/Front_End_BBxB/Data/BBxBImages/Run 22_Camera 4 360_43_1.jpg,39.312153055555555,-76.59390777777777,355.6540195
Run 22_Camera 4 360_52_3.jpg,/Users/jiaweihu/Desktop/BBxB/Front_End_BBxB/Data/BBxBImages/Run 22_Camera 4 360_52_3.jpg,39.30113166666666,-76.64582666666668,265.179344
Run 22_Camera 4 360_63_1.jpg,/Users/jiaweihu/Desktop/BBxB/Front_End_BBxB/Data/BBxBImages/Run 22_Camera 4 360_63_1.jpg,39.31218555555555,-76.59319805555555,355.732499
Run 22_Camera 4 360_77_3.jpg,/Users/jiaweihu/Desktop/BBxB/Front_End_BBxB/Data/BBxBImages/Run 22_Camera 4 360_77_3.jpg,39.31220444444444,-76.59269583333332,355.919091
Run 22_Camera 4 360_83_3.jpg,/Users/jiaweihu/Desktop/BBxB/Front_End_BBxB/Data/BBxBImages/Run 22_Camera 4 360_83_3.jpg,39.31221305555555,-76.59248277777778,355.374014
Run 22_Camera 4 360_9_1.jpg,/Users/jiaweihu/Desktop/BBxB/Front_End_BBxB/Data/BBxBImages/Run 22_Camera 4 360_9_1.jpg,39.299951666666665,-76.64575694444446,265.4800552
Run 23_Camera 4 360_120_1.jpg,/Users/jiaweihu/Desktop/BBxB/Front_End_BBxB/Data/BBxBImages/Run 23_Camera 4 360_120_1.jpg,39.30743833333333,-76.59595611111111,175.424537
Run 23_Camera 4 360_121_1.jpg,/Users/jiaweihu/Desktop/BBxB/Front_End_BBxB/Data/BBxBImages/Run 23_Camera 4 360_121_1.jpg,39.30842305555555,-76.6462588888889,265.705518
Run 23_Camera 4 360_126_3.jpg,/Users/jiaweihu/Desktop/BBxB/Front_End_BBxB/Data/BBxBImages/Run 23_Camera 4 360_126_3.jpg,39.307428611111106,-76.59616722222222,175.8294815
Run 23_Camera 4 360_130_1.jpg,/Users/jiaweihu/Desktop/BBxB/Front_End_BBxB/Data/BBxBImages/Run 23_Camera 4 360_130_1.jpg,39.30867027777777,-76.64627222222222,266.471558
Run 23_Camera 4 360_140_1.jpg,/Users/jiaweihu/Desktop/BBxB/Front_End_BBxB/Data/BBxBImages/Run 23_Camera 4 360_140_1.jpg,39.30894583333333,-76.6462863888889,265.9531012
Run 23_Camera 4 360_141_1.jpg,/Users/jiaweihu/Desktop/BBxB/Front_End_BBxB/Data/BBxBImages/Run 23_Camera 4 360_141_1.jpg,39.308973055555555,-76.64628805555556,265.904416
Run 23_Camera 4 360_143_3.jpg,/Users/jiaweihu/Desktop/BBxB/Front_End_BBxB/Data/BBxBImages/Run 23_Camera 4 360_143_3.jpg,39.30902777777777,-76.64629166666667,265.981833
Run 23_Camera 4 360_158_3.jpg,/Users/jiaweihu/Desktop/BBxB/Front_End_BBxB/Data/BBxBImages/Run 23_Camera 4 360_158_3.jpg,39.309441388888885,-76.64631638888889,265.846751
Run 23_Camera 4 360_173_3.jpg,/Users/jiaweihu/Desktop/BBxB/Front_End_BBxB/Data/BBxBImages/Run 23_Camera 4 360_173_3.jpg,39.309843055555554,-76.64624833333335,339.442816
Run 23_Camera 4 360_177_1.jpg,/Users/jiaweihu/Desktop/BBxB/Front_End_BBxB/Data/BBxBImages/Run 23_Camera 4 360_177_1.jpg,39.309866111111106,-76.64610722222223,352.607653
Run 23_Camera 4 360_188_1.jpg,/Users/jiaweihu/Desktop/BBxB/Front_End_BBxB/Data/BBxBImages/Run 23_Camera 4 360_188_1.jpg,39.309890277777775,-76.64571805555556,354.5636552
Run 23_Camera 4 360_191_1.jpg,/Users/jiaweihu/Desktop/BBxB/Front_End_BBxB/Data/BBxBImages/Run 23_Camera 4 360_191_1.jpg,39.30989638888889,-76.64561194444445,354.230555
Run 23_Camera 4 360_20_1.jpg,/Users/jiaweihu/Desktop/BBxB/Front_End_BBxB/Data/BBxBImages/Run 23_Camera 4 360_20_1.jpg,39.30564888888889,-76.64609527777779,265.8761632
Run 23_Camera 4 360_20_3.jpg,/Users/jiaweihu/Desktop/BBxB/Front_End_BBxB/Data/BBxBImages/Run 23_Camera 4 360_20_3.jpg,39.30564888888889,-76.64609527777779,265.8761632
Run 23_Camera 4 360_214_1.jpg,/Users/jiaweihu/Desktop/BBxB/Front_End_BBxB/Data/BBxBImages/Run 23_Camera 4 360_214_1.jpg,39.30994916666666,-76.64480083333333,355.088022
Run 23_Camera 4 360_217_3.jpg,/Users/jiaweihu/Desktop/BBxB/Front_End_BBxB/Data/BBxBImages/Run 23_Camera 4 360_217_3.jpg,39.30995444444444,-76.64469500000001,355.209734
Run 23_Camera 4 360_22_3.jpg,/Users/jiaweihu/Desktop/BBxB/Front_End_BBxB/Data/BBxBImages/Run 23_Camera 4 360_22_3.jpg,39.3075725,-76.59250138888889,176.010852
Run 23_Camera 4 360_231_3.jpg,/Users/jiaweihu/Desktop/BBxB/Front_End_BBxB/Data/BBxBImages/Run 23_Camera 4 360_231_3.jpg,39.30997583333333,-76.64420055555556,355.5138296
Run 23_Camera 4 360_241_1.jpg,/Users/jiaweihu/Desktop/BBxB/Front_End_BBxB/Data/BBxBImages/Run 23_Camera 4 360_241_1.jpg,39.30999111111111,-76.64384694444445,355.707458
Run 23_Camera 4 360_244_1.jpg,/Users/jiaweihu/Desktop/BBxB/Front_End_BBxB/Data/BBxBImages/Run 23_Camera 4 360_244_1.jpg,39.30999583333333,-76.64374027777778,356.4125464
Run 23_Camera 4 360_246_1.jpg,/Users/jiaweihu/Desktop/BBxB/Front_End_BBxB/Data/BBxBImages/Run 23_Camera 4 360_246_1.jpg,39.30853916666666,-76.59435777777777,354.543518
Run 23_Camera 4 360_250_1.jpg,/Users/jiaweihu/Desktop/BBxB/Front_End_BBxB/Data/BBxBImages/Run 23_Camera 4 360_250_1.jpg,39.309999999999995,-76.64352833333334,357.9984184
Run 23_Camera 4 360_255_1.jpg,/Users/jiaweihu/Desktop/BBxB/Front_End_BBxB/Data/BBxBImages/Run 23_Camera 4 360_255_1.jpg,39.310001111111106,-76.64335166666667,358.337439
Run 23_Camera 4 360_25_3.jpg,/Users/jiaweihu/Desktop/BBxB/Front_End_BBxB/Data/BBxBImages/Run 23_Camera 4 360_25_3.jpg,39.30578611111111,-76.6461038888889,265.9020718
Run 23_Camera 4 360_268_3.jpg,/Users/jiaweihu/Desktop/BBxB/Front_End_BBxB/Data/BBxBImages/Run 23_Camera 4 360_268_3.jpg,39.31001194444444,-76.64289027777778,355.4454464
Run 23_Camera 4 360_275_3.jpg,/Users/jiaweihu/Desktop/BBxB/Front_End_BBxB/Data/BBxBImages/Run 23_Camera 4 360_275_3.jpg,39.310025277777775,-76.6426438888889,354.1628368
Run 23_Camera 4 360_27_3.jpg,/Users/jiaweihu/Desktop/BBxB/Front_End_BBxB/Data/BBxBImages/Run 23_Camera 4 360_27_3.jpg,39.307565555555556,-76.59267666666666,175.5394191
Run 23_Camera 4 360_312_3.jpg,/Users/jiaweihu/Desktop/BBxB/Front_End_BBxB/Data/BBxBImages/Run 23_Camera 4 360_312_3.jpg,39.31006027777777,-76.59403027777778,269.865491
Run 23_Camera 4 360_321_3.jpg,/Users/jiaweihu/Desktop/BBxB/Front_End_BBxB/Data/BBxBImages/Run 23_Camera 4 360_321_3.jpg,39.31030194444444,-76.59404694444444,270.9657792
Run 23_Camera 4 360_322_3.jpg,/Users/jiaweihu/Desktop/BBxB/Front_End_BBxB/Data/BBxBImages/Run 23_Camera 4 360_322_3.jpg,39.310116666666666,-76.64097194444444,355.4278908
Run 23_Camera 4 360_341_3.jpg,/Users/jiaweihu/Desktop/BBxB/Front_End_BBxB/Data/BBxBImages/Run 23_Camera 4 360_341_3.jpg,39.3108425,-76.59406805555555,264.818035
Run 23_Camera 4 360_343_1.jpg,/Users/jiaweihu/Desktop/BBxB/Front_End_BBxB/Data/BBxBImages/Run 23_Camera 4 360_343_1.jpg,39.310897222222216,-76.59407277777777,265.0586556
Run 23_Camera 4 360_34_1.jpg,/Users/jiaweihu/Desktop/BBxB/Front_End_BBxB/Data/BBxBImages/Run 23_Camera 4 360_34_1.jpg,39.30755444444444,-76.59292333333333,175.8928416
Run 23_Camera 4 360_359_3.jpg,/Users/jiaweihu/Desktop/BBxB/Front_End_BBxB/Data/BBxBImages/Run 23_Camera 4 360_359_3.jpg,39.31017166666666,-76.639655,355.3551508
Run 23_Camera 4 360_37_3.jpg,/Users/jiaweihu/Desktop/BBxB/Front_End_BBxB/Data/BBxBImages/Run 23_Camera 4 360_37_3.jpg,39.30755055555555,-76.59302888888888,177.0537712
Run 23_Camera 4 360_380_3.jpg,/Users/jiaweihu/Desktop/BBxB/Front_End_BBxB/Data/BBxBImages/Run 23_Camera 4 360_380_3.jpg,39.311901111111105,-76.5941375,267.13302976
Run 23_Camera 4 360_394_3.jpg,/Users/jiaweihu/Desktop/BBxB/Front_End_BBxB/Data/BBxBImages/Run 23_Camera 4 360_394_3.jpg,39.31215444444444,-76.59389194444444,355.0725352
Run 23_Camera 4 360_41_1.jpg,/Users/jiaweihu/Desktop/BBxB/Front_End_BBxB/Data/BBxBImages/Run 23_Camera 4 360_41_1.jpg,39.30622555555555,-76.64613027777779,266.036753
Run 23_Camera 4 360_434_3.jpg,/Users/jiaweihu/Desktop/BBxB/Front_End_BBxB/Data/BBxBImages/Run 23_Camera 4 360_434_3.jpg,39.31164,-76.59303472222221,86.5589688
Run 23_Camera 4 360_444_1.jpg,/Users/jiaweihu/Desktop/BBxB/Front_End_BBxB/Data/BBxBImages/Run 23_Camera 4 360_444_1.jpg,39.311366666666665,-76.5930186111111,86.49005824
Run 23_Camera 4 360_467_3.jpg,/Users/jiaweihu/Desktop/BBxB/Front_End_BBxB/Data/BBxBImages/Run 23_Camera 4 360_467_3.jpg,39.310738055555554,-76.59297138888888,86.6224038
Run 23_Camera 4 360_471_1.jpg,/Users/jiaweihu/Desktop/BBxB/Front_End_BBxB/Data/BBxBImages/Run 23_Camera 4 360_471_1.jpg,39.310628888888886,-76.59296611111111,85.210761
Run 23_Camera 4 360_486_1.jpg,/Users/jiaweihu/Desktop/BBxB/Front_End_BBxB/Data/BBxBImages/Run 23_Camera 4 360_486_1.jpg,39.31021472222222,-76.59294583333333,86.6274388
Run 23_Camera 4 360_528_3.jpg,/Users/jiaweihu/Desktop/BBxB/Front_End_BBxB/Data/BBxBImages/Run 23_Camera 4 360_528_3.jpg,39.30905972222222,-76.59287916666666,86.9806452
Run 23_Camera 4 360_548_3.jpg,/Users/jiaweihu/Desktop/BBxB/Front_End_BBxB/Data/BBxBImages/Run 23_Camera 4 360_548_3.jpg,39.3085125,-76.59284083333333,84.33222376
Run 23_Camera 4 360_55_3.jpg,/Users/jiaweihu/Desktop/BBxB/Front_End_BBxB/Data/BBxBImages/Run 23_Camera 4 360_55_3.jpg,39.30752888888889,-76.59366277777778,176.3645755
Run 23_Camera 4 360_58_3.jpg,/Users/jiaweihu/Desktop/BBxB/Front_End_BBxB/Data/BBxBImages/Run 23_Camera 4 360_58_3.jpg,39.30752555555555,-76.59376805555556,176.9764235
Run 23_Camera 4 360_61_1.jpg,/Users/jiaweihu/Desktop/BBxB/Front_End_BBxB/Data/BBxBImages/Run 23_Camera 4 360_61_1.jpg,39.30752305555555,-76.59387444444444,177.0391181
Run 23_Camera 4 360_66_3.jpg,/Users/jiaweihu/Desktop/BBxB/Front_End_BBxB/Data/BBxBImages/Run 23_Camera 4 360_66_3.jpg,39.30751861111111,-76.59405055555555,175.6646262
Run 23_Camera 4 360_70_1.jpg,/Users/jiaweihu/Desktop/BBxB/Front_End_BBxB/Data/BBxBImages/Run 23_Camera 4 360_70_1.jpg,39.30702055555555,-76.64617527777779,265.64235
Run 23_Camera 4 360_93_3.jpg,/Users/jiaweihu/Desktop/BBxB/Front_End_BBxB/Data/BBxBImages/Run 23_Camera 4 360_93_3.jpg,39.307653055555555,-76.64621083333334,266.1785344
Run 24_Camera 4 360_12_3.jpg,/Users/jiaweihu/Desktop/BBxB/Front_End_BBxB/Data/BBxBImages/Run 24_Camera 4 360_12_3.jpg,39.31019472222222,-76.63919583333335,355.5080818
Run 24_Camera 4 360_13_1.jpg,/Users/jiaweihu/Desktop/BBxB/Front_End_BBxB/Data/BBxBImages/Run 24_Camera 4 360_13_1.jpg,39.30754722222222,-76.59246444444445,354.9754295
Run 24_Camera 4 360_33_1.jpg,/Users/jiaweihu/Desktop/BBxB/Front_End_BBxB/Data/BBxBImages/Run 24_Camera 4 360_33_1.jpg,39.31022333333333,-76.63845083333334,355.7508374
Run 24_Camera 4 360_49_1.jpg,/Users/jiaweihu/Desktop/BBxB/Front_End_BBxB/Data/BBxBImages/Run 24_Camera 4 360_49_1.jpg,39.310247777777775,-76.63788055555557,355.8589655
Run 24_Camera 4 360_53_3.jpg,/Users/jiaweihu/Desktop/BBxB/Front_End_BBxB/Data/BBxBImages/Run 24_Camera 4 360_53_3.jpg,39.3076125,-76.59106,354.944764
Run 25_Camera 4 360_117_1.jpg,/Users/jiaweihu/Desktop/BBxB/Front_End_BBxB/Data/BBxBImages/Run 25_Camera 4 360_117_1.jpg,39.30779277777778,-76.58643944444444,356.681608
Run 25_Camera 4 360_139_3.jpg,/Users/jiaweihu/Desktop/BBxB/Front_End_BBxB/Data/BBxBImages/Run 25_Camera 4 360_139_3.jpg,39.30781888888889,-76.58566166666667,357.290114
Run 25_Camera 4 360_153_1.jpg,/Users/jiaweihu/Desktop/BBxB/Front_End_BBxB/Data/BBxBImages/Run 25_Camera 4 360_153_1.jpg,39.30783694444444,-76.58516472222222,356.118629
Run 25_Camera 4 360_156_3.jpg,/Users/jiaweihu/Desktop/BBxB/Front_End_BBxB/Data/BBxBImages/Run 25_Camera 4 360_156_3.jpg,39.30784083333333,-76.58505833333332,355.835067
Run 25_Camera 4 360_176_3.jpg,/Users/jiaweihu/Desktop/BBxB/Front_End_BBxB/Data/BBxBImages/Run 25_Camera 4 360_176_3.jpg,39.30786888888888,-76.58434861111111,355.640928
Run 25_Camera 4 360_187_3.jpg,/Users/jiaweihu/Desktop/BBxB/Front_End_BBxB/Data/BBxBImages/Run 25_Camera 4 360_187_3.jpg,39.30788666666666,-76.5839561111111,355.2560388
Run 25_Camera 4 360_204_3.jpg,/Users/jiaweihu/Desktop/BBxB/Front_End_BBxB/Data/BBxBImages/Run 25_Camera 4 360_204_3.jpg,39.30790805555555,-76.58335305555555,356.9258836
Run 25_Camera 4 360_215_3.jpg,/Users/jiaweihu/Desktop/BBxB/Front_End_BBxB/Data/BBxBImages/Run 25_Camera 4 360_215_3.jpg,39.307919444444444,-76.5829675,355.7234568
Run 25_Camera 4 360_241_1.jpg,/Users/jiaweihu/Desktop/BBxB/Front_End_BBxB/Data/BBxBImages/Run 25_Camera 4 360_241_1.jpg,39.30795833333333,-76.5820525,355.3727205
Run 25_Camera 4 360_249_1.jpg,/Users/jiaweihu/Desktop/BBxB/Front_End_BBxB/Data/BBxBImages/Run 25_Camera 4 360_249_1.jpg,39.30796944444444,-76.58177166666667,356.4325006
Run 25_Camera 4 360_250_1.jpg,/Users/jiaweihu/Desktop/BBxB/Front_End_BBxB/Data/BBxBImages/Run 25_Camera 4 360_250_1.jpg,39.30797027777778,-76.58173666666666,356.614481
Run 25_Camera 4 360_256_3.jpg,/Users/jiaweihu/Desktop/BBxB/Front_End_BBxB/Data/BBxBImages/Run 25_Camera 4 360_256_3.jpg,39.31063333333333,-76.62698999999999,351.522184
Run 25_Camera 4 360_265_3.jpg,/Users/jiaweihu/Desktop/BBxB/Front_End_BBxB/Data/BBxBImages/Run 25_Camera 4 360_265_3.jpg,39.31066166666666,-76.62667027777778,353.738893
Run 25_Camera 4 360_301_3.jpg,/Users/jiaweihu/Desktop/BBxB/Front_End_BBxB/Data/BBxBImages/Run 25_Camera 4 360_301_3.jpg,39.3069275,-76.58177277777777,176.0750713
Run 25_Camera 4 360_311_3.jpg,/Users/jiaweihu/Desktop/BBxB/Front_End_BBxB/Data/BBxBImages/Run 25_Camera 4 360_311_3.jpg,39.306925,-76.5821236111111,167.4826855
Run 25_Camera 4 360_344_3.jpg,/Users/jiaweihu/Desktop/BBxB/Front_End_BBxB/Data/BBxBImages/Run 25_Camera 4 360_344_3.jpg,39.30606944444444,-76.58219749999999,87.06718208
Run 25_Camera 4 360_388_1.jpg,/Users/jiaweihu/Desktop/BBxB/Front_End_BBxB/Data/BBxBImages/Run 25_Camera 4 360_388_1.jpg,39.30544805555555,-76.58131777777777,87.3659676
Run 25_Camera 4 360_39_3.jpg,/Users/jiaweihu/Desktop/BBxB/Front_End_BBxB/Data/BBxBImages/Run 25_Camera 4 360_39_3.jpg,39.30768305555555,-76.58918444444444,355.834897
Run 25_Camera 4 360_417_1.jpg,/Users/jiaweihu/Desktop/BBxB/Front_End_BBxB/Data/BBxBImages/Run 25_Camera 4 360_417_1.jpg,39.30465694444444,-76.58126,81.6377377
Run 25_Camera 4 360_435_3.jpg,/Users/jiaweihu/Desktop/BBxB/Front_End_BBxB/Data/BBxBImages/Run 25_Camera 4 360_435_3.jpg,39.30416361111111,-76.58123027777778,86.8146586
Run 25_Camera 4 360_6_1.jpg,/Users/jiaweihu/Desktop/BBxB/Front_End_BBxB/Data/BBxBImages/Run 25_Camera 4 360_6_1.jpg,39.31032083333333,-76.63591361111112,359.8284882
Run 25_Camera 4 360_77_1.jpg,/Users/jiaweihu/Desktop/BBxB/Front_End_BBxB/Data/BBxBImages/Run 25_Camera 4 360_77_1.jpg,39.307736388888884,-76.5878525,357.4481432
Run 26_Camera 4 360_151_1.jpg,/Users/jiaweihu/Desktop/BBxB/Front_End_BBxB/Data/BBxBImages/Run 26_Camera 4 360_151_1.jpg,39.30864222222222,-76.58288555555555,266.594742
Run 26_Camera 4 360_18_3.jpg,/Users/jiaweihu/Desktop/BBxB/Front_End_BBxB/Data/BBxBImages/Run 26_Camera 4 360_18_3.jpg,39.31146083333333,-76.61929166666665,265.749143
Run 26_Camera 4 360_67_3.jpg,/Users/jiaweihu/Desktop/BBxB/Front_End_BBxB/Data/BBxBImages/Run 26_Camera 4 360_67_3.jpg,39.30634777777777,-76.58274833333333,265.7869974
Run 26_Camera 4 360_8_1.jpg,/Users/jiaweihu/Desktop/BBxB/Front_End_BBxB/Data/BBxBImages/Run 26_Camera 4 360_8_1.jpg,39.30472805555555,-76.58264777777778,265.4381724
Run 27_Camera 4 360_100_1.jpg,/Users/jiaweihu/Desktop/BBxB/Front_End_BBxB/Data/BBxBImages/Run 27_Camera 4 360_100_1.jpg,39.3114275,-76.58298027777778,265.6137555
Run 27_Camera 4 360_106_1.jpg,/Users/jiaweihu/Desktop/BBxB/Front_End_BBxB/Data/BBxBImages/Run 27_Camera 4 360_106_1.jpg,39.31159333333333,-76.5829925,266.172713
Run 27_Camera 4 360_108_3.jpg,/Users/jiaweihu/Desktop/BBxB/Front_End_BBxB/Data/BBxBImages/Run 27_Camera 4 360_108_3.jpg,39.315960277777776,-76.61958166666666,265.7754954
Run 27_Camera 4 360_28_3.jpg,/Users/jiaweihu/Desktop/BBxB/Front_End_BBxB/Data/BBxBImages/Run 27_Camera 4 360_28_3.jpg,39.309441111111106,-76.58288305555556,266.5076472
Run 27_Camera 4 360_29_1.jpg,/Users/jiaweihu/Desktop/BBxB/Front_End_BBxB/Data/BBxBImages/Run 27_Camera 4 360_29_1.jpg,39.30946833333333,-76.58288444444445,266.4847485
Run 27_Camera 4 360_31_3.jpg,/Users/jiaweihu/Desktop/BBxB/Front_End_BBxB/Data/BBxBImages/Run 27_Camera 4 360_31_3.jpg,39.30952305555555,-76.58288722222221,266.423152
Run 27_Camera 4 360_71_3.jpg,/Users/jiaweihu/Desktop/BBxB/Front_End_BBxB/Data/BBxBImages/Run 27_Camera 4 360_71_3.jpg,39.310627777777775,-76.58292833333333,265.98387
Run 27_Camera 4 360_89_3.jpg,/Users/jiaweihu/Desktop/BBxB/Front_End_BBxB/Data/BBxBImages/Run 27_Camera 4 360_89_3.jpg,39.311122777777776,-76.58296,265.838481
Run 28_Camera 4 360_105_1.jpg,/Users/jiaweihu/Desktop/BBxB/Front_End_BBxB/Data/BBxBImages/Run 28_Camera 4 360_105_1.jpg,39.31248111111111,-76.58727305555556,175.1592734
Run 28_Camera 4 360_118_3.jpg,/Users/jiaweihu/Desktop/BBxB/Front_End_BBxB/Data/BBxBImages/Run 28_Camera 4 360_118_3.jpg,39.31245972222222,-76.58772972222222,175.239078
Run 28_Camera 4 360_138_1.jpg,/Users/jiaweihu/Desktop/BBxB/Front_End_BBxB/Data/BBxBImages/Run 28_Camera 4 360_138_1.jpg,39.31242861111111,-76.58844055555555,175.9247014
Run 28_Camera 4 360_149_1.jpg,/Users/jiaweihu/Desktop/BBxB/Front_End_BBxB/Data/BBxBImages/Run 28_Camera 4 360_149_1.jpg,39.31241222222222,-76.58882555555554,175.3888787
Run 28_Camera 4 360_87_1.jpg,/Users/jiaweihu/Desktop/BBxB/Front_End_BBxB/Data/BBxBImages/Run 28_Camera 4 360_87_1.jpg,39.312509444444444,-76.58664694444444,176.0508542
Run 29_Camera 4 360_111_3.jpg,/Users/jiaweihu/Desktop/BBxB/Front_End_BBxB/Data/BBxBImages/Run 29_Camera 4 360_111_3.jpg,39.318900000000006,-76.62130083333332,232.025879
Run 29_Camera 4 360_116_1.jpg,/Users/jiaweihu/Desktop/BBxB/Front_End_BBxB/Data/BBxBImages/Run 29_Camera 4 360_116_1.jpg,39.31901166666667,-76.62140527777777,235.821125
Run 29_Camera 4 360_118_1.jpg,/Users/jiaweihu/Desktop/BBxB/Front_End_BBxB/Data/BBxBImages/Run 29_Camera 4 360_118_1.jpg,39.31905861111112,-76.6214436111111,238.73002
Run 29_Camera 4 360_134_3.jpg,/Users/jiaweihu/Desktop/BBxB/Front_End_BBxB/Data/BBxBImages/Run 29_Camera 4 360_134_3.jpg,39.31943777777778,-76.6217311111111,237.2729352
Run 29_Camera 4 360_35_3.jpg,/Users/jiaweihu/Desktop/BBxB/Front_End_BBxB/Data/BBxBImages/Run 29_Camera 4 360_35_3.jpg,39.31843277777778,-76.61976083333333,265.828538
Run 29_Camera 4 360_42_3.jpg,/Users/jiaweihu/Desktop/BBxB/Front_End_BBxB/Data/BBxBImages/Run 29_Camera 4 360_42_3.jpg,39.318625277777784,-76.61977055555555,267.446739
Run 2_Camera 4 360_122_3 (2).jpg,/Users/jiaweihu/Desktop/BBxB/Front_End_BBxB/Data/BBxBImages/Run 2_Camera 4 360_122_3 (2).jpg,39.295585833333334,-76.64735361111111,87.9357364
Run 2_Camera 4 360_122_3.jpg,/Users/jiaweihu/Desktop/BBxB/Front_End_BBxB/Data/BBxBImages/Run 2_Camera 4 360_122_3.jpg,39.309063055555555,-76.66717138888889,355.5542128
Run 2_Camera 4 360_136_1.jpg,/Users/jiaweihu/Desktop/BBxB/Front_End_BBxB/Data/BBxBImages/Run 2_Camera 4 360_136_1.jpg,39.30908083333333,-76.66667694444445,356.067176
Run 2_Camera 4 360_13_3.jpg,/Users/jiaweihu/Desktop/BBxB/Front_End_BBxB/Data/BBxBImages/Run 2_Camera 4 360_13_3.jpg,39.298604999999995,-76.64751666666668,86.6400656
Run 2_Camera 4 360_141_1.jpg,/Users/jiaweihu/Desktop/BBxB/Front_End_BBxB/Data/BBxBImages/Run 2_Camera 4 360_141_1.jpg,39.30908722222222,-76.66649916666667,356.400004
Run 2_Camera 4 360_143_3.jpg,/Users/jiaweihu/Desktop/BBxB/Front_End_BBxB/Data/BBxBImages/Run 2_Camera 4 360_143_3.jpg,39.30908972222222,-76.66642666666667,356.5208056
Run 2_Camera 4 360_144_1.jpg,/Users/jiaweihu/Desktop/BBxB/Front_End_BBxB/Data/BBxBImages/Run 2_Camera 4 360_144_1.jpg,39.30909083333333,-76.66639055555557,356.5502966
Run 2_Camera 4 360_152_3.jpg,/Users/jiaweihu/Desktop/BBxB/Front_End_BBxB/Data/BBxBImages/Run 2_Camera 4 360_152_3.jpg,39.295140833333335,-76.64794416666668,175.985929
Run 2_Camera 4 360_155_1.jpg,/Users/jiaweihu/Desktop/BBxB/Front_End_BBxB/Data/BBxBImages/Run 2_Camera 4 360_155_1.jpg,39.30910194444444,-76.66599833333333,356.540475
Run 2_Camera 4 360_162_1.jpg,/Users/jiaweihu/Desktop/BBxB/Front_End_BBxB/Data/BBxBImages/Run 2_Camera 4 360_162_1.jpg,39.29512583333333,-76.64829666666667,175.6692664
Run 2_Camera 4 360_166_3.jpg,/Users/jiaweihu/Desktop/BBxB/Front_End_BBxB/Data/BBxBImages/Run 2_Camera 4 360_166_3.jpg,39.29512,-76.64843833333335,175.8297024
Run 2_Camera 4 360_180_1.jpg,/Users/jiaweihu/Desktop/BBxB/Front_End_BBxB/Data/BBxBImages/Run 2_Camera 4 360_180_1.jpg,39.30913444444444,-76.66510611111111,356.0006178
Run 2_Camera 4 360_202_1.jpg,/Users/jiaweihu/Desktop/BBxB/Front_End_BBxB/Data/BBxBImages/Run 2_Camera 4 360_202_1.jpg,39.30916305555555,-76.6643275,356.6500236
Run 2_Camera 4 360_218_3.jpg,/Users/jiaweihu/Desktop/BBxB/Front_End_BBxB/Data/BBxBImages/Run 2_Camera 4 360_218_3.jpg,39.295054444444446,-76.65027777777779,175.9334772
Run 2_Camera 4 360_229_3.jpg,/Users/jiaweihu/Desktop/BBxB/Front_End_BBxB/Data/BBxBImages/Run 2_Camera 4 360_229_3.jpg,39.309196388888886,-76.66336694444445,356.19057472
Run 2_Camera 4 360_22_1.jpg,/Users/jiaweihu/Desktop/BBxB/Front_End_BBxB/Data/BBxBImages/Run 2_Camera 4 360_22_1.jpg,39.30893194444444,-76.67073055555556,356.310902
Run 2_Camera 4 360_23_1.jpg,/Users/jiaweihu/Desktop/BBxB/Front_End_BBxB/Data/BBxBImages/Run 2_Camera 4 360_23_1.jpg,39.317130000000006,-76.61535111111111,86.7236839
Run 2_Camera 4 360_258_3.jpg,/Users/jiaweihu/Desktop/BBxB/Front_End_BBxB/Data/BBxBImages/Run 2_Camera 4 360_258_3.jpg,39.309234999999994,-76.66232833333333,356.229113
Run 2_Camera 4 360_267_3.jpg,/Users/jiaweihu/Desktop/BBxB/Front_End_BBxB/Data/BBxBImages/Run 2_Camera 4 360_267_3.jpg,39.309245555555556,-76.66200416666668,356.067744
Run 2_Camera 4 360_272_3.jpg,/Users/jiaweihu/Desktop/BBxB/Front_End_BBxB/Data/BBxBImages/Run 2_Camera 4 360_272_3.jpg,39.30925166666666,-76.66182500000001,356.402137
Run 2_Camera 4 360_305_1.jpg,/Users/jiaweihu/Desktop/BBxB/Front_End_BBxB/Data/BBxBImages/Run 2_Camera 4 360_305_1.jpg,39.309283055555554,-76.66064166666668,357.7182866
Run 2_Camera 4 360_32_3.jpg,/Users/jiaweihu/Desktop/BBxB/Front_End_BBxB/Data/BBxBImages/Run 2_Camera 4 360_32_3.jpg,39.29807972222222,-76.64748555555556,86.03303184
Run 2_Camera 4 360_352_1.jpg,/Users/jiaweihu/Desktop/BBxB/Front_End_BBxB/Data/BBxBImages/Run 2_Camera 4 360_352_1.jpg,39.29481388888889,-76.6550325,175.6667956
Run 2_Camera 4 360_355_3.jpg,/Users/jiaweihu/Desktop/BBxB/Front_End_BBxB/Data/BBxBImages/Run 2_Camera 4 360_355_3.jpg,39.29480944444444,-76.6551413888889,175.820497
Run 2_Camera 4 360_357_1.jpg,/Users/jiaweihu/Desktop/BBxB/Front_End_BBxB/Data/BBxBImages/Run 2_Camera 4 360_357_1.jpg,39.29480638888889,-76.65521333333334,176.0590808
Run 2_Camera 4 360_36_1.jpg,/Users/jiaweihu/Desktop/BBxB/Front_End_BBxB/Data/BBxBImages/Run 2_Camera 4 360_36_1.jpg,39.29796916666667,-76.6474788888889,86.192304
Run 2_Camera 4 360_382_3.jpg,/Users/jiaweihu/Desktop/BBxB/Front_End_BBxB/Data/BBxBImages/Run 2_Camera 4 360_382_3.jpg,39.294777499999995,-76.65610000000001,175.9983264
Run 2_Camera 4 360_38_1.jpg,/Users/jiaweihu/Desktop/BBxB/Front_End_BBxB/Data/BBxBImages/Run 2_Camera 4 360_38_1.jpg,39.297914444444444,-76.64747611111112,86.2291915
Run 2_Camera 4 360_415_1.jpg,/Users/jiaweihu/Desktop/BBxB/Front_End_BBxB/Data/BBxBImages/Run 2_Camera 4 360_415_1.jpg,39.309421944444445,-76.65672361111112,354.582709
Run 2_Camera 4 360_426_3.jpg,/Users/jiaweihu/Desktop/BBxB/Front_End_BBxB/Data/BBxBImages/Run 2_Camera 4 360_426_3.jpg,39.30944722222222,-76.65633083333334,354.25619
Run 2_Camera 4 360_466_3.jpg,/Users/jiaweihu/Desktop/BBxB/Front_End_BBxB/Data/BBxBImages/Run 2_Camera 4 360_466_3.jpg,39.30950222222222,-76.65490861111111,356.0151244
Run 2_Camera 4 360_52_1.jpg,/Users/jiaweihu/Desktop/BBxB/Front_End_BBxB/Data/BBxBImages/Run 2_Camera 4 360_52_1.jpg,39.30896833333333,-76.66966027777778,355.577677
Run 2_Camera 4 360_56_3.jpg,/Users/jiaweihu/Desktop/BBxB/Front_End_BBxB/Data/BBxBImages/Run 2_Camera 4 360_56_3.jpg,39.29741805555555,-76.64744833333334,86.4022161
Run 2_Camera 4 360_62_1.jpg,/Users/jiaweihu/Desktop/BBxB/Front_End_BBxB/Data/BBxBImages/Run 2_Camera 4 360_62_1.jpg,39.29724972222222,-76.64744027777779,86.3215376
Run 2_Camera 4 360_67_3.jpg,/Users/jiaweihu/Desktop/BBxB/Front_End_BBxB/Data/BBxBImages/Run 2_Camera 4 360_67_3.jpg,39.30898861111111,-76.66912805555556,356.877816
Run 2_Camera 4 360_76_1.jpg,/Users/jiaweihu/Desktop/BBxB/Front_End_BBxB/Data/BBxBImages/Run 2_Camera 4 360_76_1.jpg,39.29685972222222,-76.64742027777778,86.1337789
Run 2_Camera 4 360_79_1.jpg,/Users/jiaweihu/Desktop/BBxB/Front_End_BBxB/Data/BBxBImages/Run 2_Camera 4 360_79_1.jpg,39.30900166666667,-76.66870166666668,355.973523
Run 2_Camera 4 360_82_1.jpg,/Users/jiaweihu/Desktop/BBxB/Front_End_BBxB/Data/BBxBImages/Run 2_Camera 4 360_82_1.jpg,39.30900583333333,-76.66859583333334,355.639626
Run 30_Camera 4 360_108_1.jpg,/Users/jiaweihu/Desktop/BBxB/Front_End_BBxB/Data/BBxBImages/Run 30_Camera 4 360_108_1.jpg,39.312150277777775,-76.59532083333333,175.54885296
Run 30_Camera 4 360_12_1.jpg,/Users/jiaweihu/Desktop/BBxB/Front_End_BBxB/Data/BBxBImages/Run 30_Camera 4 360_12_1.jpg,39.31227388888889,-76.59187916666666,175.4759326
Run 30_Camera 4 360_15_3.jpg,/Users/jiaweihu/Desktop/BBxB/Front_End_BBxB/Data/BBxBImages/Run 30_Camera 4 360_15_3.jpg,39.320844722222226,-76.62283638888889,237.29555
Run 30_Camera 4 360_238_1.jpg,/Users/jiaweihu/Desktop/BBxB/Front_End_BBxB/Data/BBxBImages/Run 30_Camera 4 360_238_1.jpg,39.311929166666665,-76.59995194444444,175.5145832
Run 30_Camera 4 360_244_3.jpg,/Users/jiaweihu/Desktop/BBxB/Front_End_BBxB/Data/BBxBImages/Run 30_Camera 4 360_244_3.jpg,39.320016111111116,-76.62406444444444,327.816561
Run 30_Camera 4 360_267_1.jpg,/Users/jiaweihu/Desktop/BBxB/Front_End_BBxB/Data/BBxBImages/Run 30_Camera 4 360_267_1.jpg,39.311882499999996,-76.6009825,175.33298976
Run 30_Camera 4 360_271_3.jpg,/Users/jiaweihu/Desktop/BBxB/Front_End_BBxB/Data/BBxBImages/Run 30_Camera 4 360_271_3.jpg,39.320617222222225,-76.62435305555555,237.801708
Run 30_Camera 4 360_272_1.jpg,/Users/jiaweihu/Desktop/BBxB/Front_End_BBxB/Data/BBxBImages/Run 30_Camera 4 360_272_1.jpg,39.320639722222225,-76.62436972222221,231.631192
Run 30_Camera 4 360_49_1.jpg,/Users/jiaweihu/Desktop/BBxB/Front_End_BBxB/Data/BBxBImages/Run 30_Camera 4 360_49_1.jpg,39.32150805555556,-76.6235311111111,145.5799606
Run 30_Camera 4 360_52_3.jpg,/Users/jiaweihu/Desktop/BBxB/Front_End_BBxB/Data/BBxBImages/Run 30_Camera 4 360_52_3.jpg,39.3214625,-76.62362055555555,145.5917708
Run 30_Camera 4 360_67_3.jpg,/Users/jiaweihu/Desktop/BBxB/Front_End_BBxB/Data/BBxBImages/Run 30_Camera 4 360_67_3.jpg,39.321246388888895,-76.62407583333332,147.6100795
Run 30_Camera 4 360_69_3.jpg,/Users/jiaweihu/Desktop/BBxB/Front_End_BBxB/Data/BBxBImages/Run 30_Camera 4 360_69_3.jpg,39.3212175,-76.62413555555555,147.6367795
Run 30_Camera 4 360_81_1.jpg,/Users/jiaweihu/Desktop/BBxB/Front_End_BBxB/Data/BBxBImages/Run 30_Camera 4 360_81_1.jpg,39.312185,-76.59434583333334,177.5923924
Run 31_Camera 4 360_122_3.jpg,/Users/jiaweihu/Desktop/BBxB/Front_End_BBxB/Data/BBxBImages/Run 31_Camera 4 360_122_3.jpg,39.31159888888889,-76.60662555555555,175.1707655
Run 31_Camera 4 360_76_3.jpg,/Users/jiaweihu/Desktop/BBxB/Front_End_BBxB/Data/BBxBImages/Run 31_Camera 4 360_76_3.jpg,39.311680277777775,-76.60498055555556,175.0624506
Run 32_Camera 4 360_169_1.jpg,/Users/jiaweihu/Desktop/BBxB/Front_End_BBxB/Data/BBxBImages/Run 32_Camera 4 360_169_1.jpg,39.31131027777778,-76.61282527777777,176.0570447
Run 32_Camera 4 360_203_1.jpg,/Users/jiaweihu/Desktop/BBxB/Front_End_BBxB/Data/BBxBImages/Run 32_Camera 4 360_203_1.jpg,39.3112625,-76.61402583333333,175.41313232
Run 32_Camera 4 360_62_3.jpg,/Users/jiaweihu/Desktop/BBxB/Front_End_BBxB/Data/BBxBImages/Run 32_Camera 4 360_62_3.jpg,39.311479166666665,-76.60900722222222,174.5679729
Run 33_Camera 4 360_11_3.jpg,/Users/jiaweihu/Desktop/BBxB/Front_End_BBxB/Data/BBxBImages/Run 33_Camera 4 360_11_3.jpg,39.31124111111111,-76.6146725,176.46334125
Run 33_Camera 4 360_84_1.jpg,/Users/jiaweihu/Desktop/BBxB/Front_End_BBxB/Data/BBxBImages/Run 33_Camera 4 360_84_1.jpg,39.31181194444444,-76.6165811111111,266.98944
Run 34_Camera 4 360_110_3.jpg,/Users/jiaweihu/Desktop/BBxB/Front_End_BBxB/Data/BBxBImages/Run 34_Camera 4 360_110_3.jpg,39.314947222222216,-76.61682277777777,264.736905
Run 34_Camera 4 360_126_3.jpg,/Users/jiaweihu/Desktop/BBxB/Front_End_BBxB/Data/BBxBImages/Run 34_Camera 4 360_126_3.jpg,39.3153875,-76.61684777777778,271.4618072
Run 34_Camera 4 360_127_1.jpg,/Users/jiaweihu/Desktop/BBxB/Front_End_BBxB/Data/BBxBImages/Run 34_Camera 4 360_127_1.jpg,39.315414999999994,-76.61684583333333,271.699223
Run 34_Camera 4 360_69_1.jpg,/Users/jiaweihu/Desktop/BBxB/Front_End_BBxB/Data/BBxBImages/Run 34_Camera 4 360_69_1.jpg,39.313826388888884,-76.61671361111111,265.873353
Run 34_Camera 4 360_71_1.jpg,/Users/jiaweihu/Desktop/BBxB/Front_End_BBxB/Data/BBxBImages/Run 34_Camera 4 360_71_1.jpg,39.31388111111111,-76.61671694444443,265.7006616
Run 34_Camera 4 360_83_3.jpg,/Users/jiaweihu/Desktop/BBxB/Front_End_BBxB/Data/BBxBImages/Run 34_Camera 4 360_83_3.jpg,39.314210833333334,-76.61674111111111,265.527236
Run 35_Camera 4 360_106_3.jpg,/Users/jiaweihu/Desktop/BBxB/Front_End_BBxB/Data/BBxBImages/Run 35_Camera 4 360_106_3.jpg,39.317890000000006,-76.61525527777778,358.1530068
Run 35_Camera 4 360_116_3.jpg,/Users/jiaweihu/Desktop/BBxB/Front_End_BBxB/Data/BBxBImages/Run 35_Camera 4 360_116_3.jpg,39.317883333333334,-76.61490027777778,359.6132504
Run 35_Camera 4 360_13_1.jpg,/Users/jiaweihu/Desktop/BBxB/Front_End_BBxB/Data/BBxBImages/Run 35_Camera 4 360_13_1.jpg,39.316543055555556,-76.61688777777778,265.9074112
Run 35_Camera 4 360_144_1.jpg,/Users/jiaweihu/Desktop/BBxB/Front_End_BBxB/Data/BBxBImages/Run 35_Camera 4 360_144_1.jpg,39.31791333333334,-76.61390527777777,356.06598
Run 35_Camera 4 360_17_1.jpg,/Users/jiaweihu/Desktop/BBxB/Front_End_BBxB/Data/BBxBImages/Run 35_Camera 4 360_17_1.jpg,39.31665333333333,-76.616895,266.02698704
Run 35_Camera 4 360_191_3.jpg,/Users/jiaweihu/Desktop/BBxB/Front_End_BBxB/Data/BBxBImages/Run 35_Camera 4 360_191_3.jpg,39.317974444444445,-76.61224055555554,355.5079776
Run 35_Camera 4 360_234_3.jpg,/Users/jiaweihu/Desktop/BBxB/Front_End_BBxB/Data/BBxBImages/Run 35_Camera 4 360_234_3.jpg,39.31742472222223,-76.61134555555554,85.8786141
Run 35_Camera 4 360_287_3.jpg,/Users/jiaweihu/Desktop/BBxB/Front_End_BBxB/Data/BBxBImages/Run 35_Camera 4 360_287_3.jpg,39.31597138888888,-76.61124916666667,85.4376696
Run 35_Camera 4 360_317_3.jpg,/Users/jiaweihu/Desktop/BBxB/Front_End_BBxB/Data/BBxBImages/Run 35_Camera 4 360_317_3.jpg,39.315150555555554,-76.6112,84.6731576
Run 35_Camera 4 360_323_1.jpg,/Users/jiaweihu/Desktop/BBxB/Front_End_BBxB/Data/BBxBImages/Run 35_Camera 4 360_323_1.jpg,39.31498611111111,-76.61118611111111,85.807268
Run 35_Camera 4 360_328_3.jpg,/Users/jiaweihu/Desktop/BBxB/Front_End_BBxB/Data/BBxBImages/Run 35_Camera 4 360_328_3.jpg,39.31484888888889,-76.61117833333333,86.6588432
Run 35_Camera 4 360_361_1.jpg,/Users/jiaweihu/Desktop/BBxB/Front_End_BBxB/Data/BBxBImages/Run 35_Camera 4 360_361_1.jpg,39.31394361111111,-76.61111833333332,84.9538823
Run 35_Camera 4 360_362_3.jpg,/Users/jiaweihu/Desktop/BBxB/Front_End_BBxB/Data/BBxBImages/Run 35_Camera 4 360_362_3.jpg,39.31391583333333,-76.61111555555556,85.1032395
Run 35_Camera 4 360_368_3.jpg,/Users/jiaweihu/Desktop/BBxB/Front_End_BBxB/Data/BBxBImages/Run 35_Camera 4 360_368_3.jpg,39.31375166666666,-76.61110388888888,87.2648672
Run 35_Camera 4 360_370_1.jpg,/Users/jiaweihu/Desktop/BBxB/Front_End_BBxB/Data/BBxBImages/Run 35_Camera 4 360_370_1.jpg,39.313696944444445,-76.6111025,87.421328
Run 35_Camera 4 360_437_1.jpg,/Users/jiaweihu/Desktop/BBxB/Front_End_BBxB/Data/BBxBImages/Run 35_Camera 4 360_437_1.jpg,39.311859722222216,-76.61098388888888,87.0223096
Run 35_Camera 4 360_437_3.jpg,/Users/jiaweihu/Desktop/BBxB/Front_End_BBxB/Data/BBxBImages/Run 35_Camera 4 360_437_3.jpg,39.311859722222216,-76.61098388888888,87.0223096
Run 37_Camera 4 360_155_3.jpg,/Users/jiaweihu/Desktop/BBxB/Front_End_BBxB/Data/BBxBImages/Run 37_Camera 4 360_155_3.jpg,39.31548944444444,-76.60946555555554,269.509093
Run 37_Camera 4 360_159_1.jpg,/Users/jiaweihu/Desktop/BBxB/Front_End_BBxB/Data/BBxBImages/Run 37_Camera 4 360_159_1.jpg,39.315599999999996,-76.60946305555555,269.397114
Run 37_Camera 4 360_16_3.jpg,/Users/jiaweihu/Desktop/BBxB/Front_End_BBxB/Data/BBxBImages/Run 37_Camera 4 360_16_3.jpg,39.31166833333333,-76.60944972222222,267.9740844
Run 37_Camera 4 360_212_3.jpg,/Users/jiaweihu/Desktop/BBxB/Front_End_BBxB/Data/BBxBImages/Run 37_Camera 4 360_212_3.jpg,39.31626055555555,-76.61056083333332,177.9843488
Run 38_Camera 4 360_130_3.jpg,/Users/jiaweihu/Desktop/BBxB/Front_End_BBxB/Data/BBxBImages/Run 38_Camera 4 360_130_3.jpg,39.316382777777775,-76.6154875,175.1836707
Run 38_Camera 4 360_177_1.jpg,/Users/jiaweihu/Desktop/BBxB/Front_End_BBxB/Data/BBxBImages/Run 38_Camera 4 360_177_1.jpg,39.31661944444444,-76.61692722222222,265.097642
Run 38_Camera 4 360_206_1.jpg,/Users/jiaweihu/Desktop/BBxB/Front_End_BBxB/Data/BBxBImages/Run 38_Camera 4 360_206_1.jpg,39.317411944444444,-76.61698583333333,265.739815
Run 38_Camera 4 360_26_3.jpg,/Users/jiaweihu/Desktop/BBxB/Front_End_BBxB/Data/BBxBImages/Run 38_Camera 4 360_26_3.jpg,39.3165425,-76.61182694444445,176.7401352
Run 38_Camera 4 360_30_1.jpg,/Users/jiaweihu/Desktop/BBxB/Front_End_BBxB/Data/BBxBImages/Run 38_Camera 4 360_30_1.jpg,39.316538333333334,-76.61196888888888,175.830158
Run 39_Camera 4 360_11_1.jpg,/Users/jiaweihu/Desktop/BBxB/Front_End_BBxB/Data/BBxBImages/Run 39_Camera 4 360_11_1.jpg,39.31791166666667,-76.61702277777778,265.6427336
Run 39_Camera 4 360_124_3.jpg,/Users/jiaweihu/Desktop/BBxB/Front_End_BBxB/Data/BBxBImages/Run 39_Camera 4 360_124_3.jpg,39.32103583333333,-76.61725222222222,265.684649
Run 39_Camera 4 360_140_3.jpg,/Users/jiaweihu/Desktop/BBxB/Front_End_BBxB/Data/BBxBImages/Run 39_Camera 4 360_140_3.jpg,39.32147638888889,-76.61728333333333,265.983712
Run 39_Camera 4 360_28_3.jpg,/Users/jiaweihu/Desktop/BBxB/Front_End_BBxB/Data/BBxBImages/Run 39_Camera 4 360_28_3.jpg,39.318381388888895,-76.61704888888889,266.7218256
Run 39_Camera 4 360_30_1.jpg,/Users/jiaweihu/Desktop/BBxB/Front_End_BBxB/Data/BBxBImages/Run 39_Camera 4 360_30_1.jpg,39.31843638888889,-76.61705194444444,266.5410415
Run 3_Camera 4 360_0_3.jpg,/Users/jiaweihu/Desktop/BBxB/Front_End_BBxB/Data/BBxBImages/Run 3_Camera 4 360_0_3.jpg,39.309508611111106,-76.65474305555556,356.1123932
Run 3_Camera 4 360_109_3.jpg,/Users/jiaweihu/Desktop/BBxB/Front_End_BBxB/Data/BBxBImages/Run 3_Camera 4 360_109_3.jpg,39.30963777777777,-76.65087416666667,355.5138816
Run 3_Camera 4 360_117_3.jpg,/Users/jiaweihu/Desktop/BBxB/Front_End_BBxB/Data/BBxBImages/Run 3_Camera 4 360_117_3.jpg,39.29490722222222,-76.66138805555556,266.8821356
Run 3_Camera 4 360_126_1.jpg,/Users/jiaweihu/Desktop/BBxB/Front_End_BBxB/Data/BBxBImages/Run 3_Camera 4 360_126_1.jpg,39.30966194444444,-76.6502613888889,355.580502
Run 3_Camera 4 360_134_3.jpg,/Users/jiaweihu/Desktop/BBxB/Front_End_BBxB/Data/BBxBImages/Run 3_Camera 4 360_134_3.jpg,39.30967527777778,-76.64997416666667,355.2272176
Run 3_Camera 4 360_147_3.jpg,/Users/jiaweihu/Desktop/BBxB/Front_End_BBxB/Data/BBxBImages/Run 3_Camera 4 360_147_3.jpg,39.29556944444444,-76.66166472222223,176.7052761
Run 3_Camera 4 360_149_3.jpg,/Users/jiaweihu/Desktop/BBxB/Front_End_BBxB/Data/BBxBImages/Run 3_Camera 4 360_149_3.jpg,39.30970055555555,-76.6494363888889,354.832837
Run 3_Camera 4 360_152_1.jpg,/Users/jiaweihu/Desktop/BBxB/Front_End_BBxB/Data/BBxBImages/Run 3_Camera 4 360_152_1.jpg,39.309706388888884,-76.64933055555557,354.3860704
Run 3_Camera 4 360_154_3.jpg,/Users/jiaweihu/Desktop/BBxB/Front_End_BBxB/Data/BBxBImages/Run 3_Camera 4 360_154_3.jpg,39.295561388888885,-76.66191472222222,176.8316453
Run 3_Camera 4 360_157_1.jpg,/Users/jiaweihu/Desktop/BBxB/Front_End_BBxB/Data/BBxBImages/Run 3_Camera 4 360_157_1.jpg,39.30971638888889,-76.64915555555557,354.817031
Run 3_Camera 4 360_162_1.jpg,/Users/jiaweihu/Desktop/BBxB/Front_End_BBxB/Data/BBxBImages/Run 3_Camera 4 360_162_1.jpg,39.30972527777777,-76.64897972222222,355.3327664
Run 3_Camera 4 360_162_3.jpg,/Users/jiaweihu/Desktop/BBxB/Front_End_BBxB/Data/BBxBImages/Run 3_Camera 4 360_162_3.jpg,39.30972527777777,-76.64897972222222,355.3327664
Run 3_Camera 4 360_179_3.jpg,/Users/jiaweihu/Desktop/BBxB/Front_End_BBxB/Data/BBxBImages/Run 3_Camera 4 360_179_3.jpg,39.29552861111111,-76.66278944444446,177.626091
Run 3_Camera 4 360_183_1.jpg,/Users/jiaweihu/Desktop/BBxB/Front_End_BBxB/Data/BBxBImages/Run 3_Camera 4 360_183_1.jpg,39.29552388888889,-76.6629238888889,159.67174912
Run 3_Camera 4 360_184_3.jpg,/Users/jiaweihu/Desktop/BBxB/Front_End_BBxB/Data/BBxBImages/Run 3_Camera 4 360_184_3.jpg,39.30976222222222,-76.64819555555556,355.9849992
Run 3_Camera 4 360_187_3.jpg,/Users/jiaweihu/Desktop/BBxB/Front_End_BBxB/Data/BBxBImages/Run 3_Camera 4 360_187_3.jpg,39.30976555555555,-76.64808777777779,356.28495584
Run 3_Camera 4 360_190_3.jpg,/Users/jiaweihu/Desktop/BBxB/Front_End_BBxB/Data/BBxBImages/Run 3_Camera 4 360_190_3.jpg,39.30976944444444,-76.64798194444445,355.899518
Run 3_Camera 4 360_192_3.jpg,/Users/jiaweihu/Desktop/BBxB/Front_End_BBxB/Data/BBxBImages/Run 3_Camera 4 360_192_3.jpg,39.30977222222222,-76.64791083333334,355.647478
Run 3_Camera 4 360_197_3.jpg,/Users/jiaweihu/Desktop/BBxB/Front_End_BBxB/Data/BBxBImages/Run 3_Camera 4 360_197_3.jpg,39.2951875,-76.66300472222223,87.991115
Run 3_Camera 4 360_200_1.jpg,/Users/jiaweihu/Desktop/BBxB/Front_End_BBxB/Data/BBxBImages/Run 3_Camera 4 360_200_1.jpg,39.29510611111111,-76.66300194444445,86.5426428
Run 3_Camera 4 360_201_3.jpg,/Users/jiaweihu/Desktop/BBxB/Front_End_BBxB/Data/BBxBImages/Run 3_Camera 4 360_201_3.jpg,39.30978861111111,-76.64759027777778,354.2790344
Run 3_Camera 4 360_210_1.jpg,/Users/jiaweihu/Desktop/BBxB/Front_End_BBxB/Data/BBxBImages/Run 3_Camera 4 360_210_1.jpg,39.30981055555555,-76.64726750000001,353.8970776
Run 3_Camera 4 360_218_1.jpg,/Users/jiaweihu/Desktop/BBxB/Front_End_BBxB/Data/BBxBImages/Run 3_Camera 4 360_218_1.jpg,39.30982722222222,-76.64698166666668,354.843281
Run 3_Camera 4 360_21_3.jpg,/Users/jiaweihu/Desktop/BBxB/Front_End_BBxB/Data/BBxBImages/Run 3_Camera 4 360_21_3.jpg,39.309535,-76.654015,355.883707
Run 3_Camera 4 360_236_1.jpg,/Users/jiaweihu/Desktop/BBxB/Front_End_BBxB/Data/BBxBImages/Run 3_Camera 4 360_236_1.jpg,39.30985944444444,-76.64633666666667,354.3919864
Run 3_Camera 4 360_242_1.jpg,/Users/jiaweihu/Desktop/BBxB/Front_End_BBxB/Data/BBxBImages/Run 3_Camera 4 360_242_1.jpg,39.30987194444444,-76.6461225,355.379583
Run 3_Camera 4 360_243_3.jpg,/Users/jiaweihu/Desktop/BBxB/Front_End_BBxB/Data/BBxBImages/Run 3_Camera 4 360_243_3.jpg,39.30987361111111,-76.64608611111112,355.662349
Run 3_Camera 4 360_251_1.jpg,/Users/jiaweihu/Desktop/BBxB/Front_End_BBxB/Data/BBxBImages/Run 3_Camera 4 360_251_1.jpg,39.309884999999994,-76.64579944444445,355.3006024
Run 3_Camera 4 360_260_3.jpg,/Users/jiaweihu/Desktop/BBxB/Front_End_BBxB/Data/BBxBImages/Run 3_Camera 4 360_260_3.jpg,39.30990138888889,-76.64548111111112,354.7832936
Run 3_Camera 4 360_262_1.jpg,/Users/jiaweihu/Desktop/BBxB/Front_End_BBxB/Data/BBxBImages/Run 3_Camera 4 360_262_1.jpg,39.30990527777777,-76.6454088888889,354.6785388
Run 3_Camera 4 360_268_1.jpg,/Users/jiaweihu/Desktop/BBxB/Front_End_BBxB/Data/BBxBImages/Run 3_Camera 4 360_268_1.jpg,39.30991722222222,-76.64519583333335,354.844548
Run 3_Camera 4 360_277_1.jpg,/Users/jiaweihu/Desktop/BBxB/Front_End_BBxB/Data/BBxBImages/Run 3_Camera 4 360_277_1.jpg,39.309934444444444,-76.64487805555557,354.151396
Run 3_Camera 4 360_279_1.jpg,/Users/jiaweihu/Desktop/BBxB/Front_End_BBxB/Data/BBxBImages/Run 3_Camera 4 360_279_1.jpg,39.29381472222222,-76.66201527777778,354.6420744
Run 3_Camera 4 360_281_3.jpg,/Users/jiaweihu/Desktop/BBxB/Front_End_BBxB/Data/BBxBImages/Run 3_Camera 4 360_281_3.jpg,39.30994361111111,-76.64473722222223,354.674798
Run 3_Camera 4 360_286_3.jpg,/Users/jiaweihu/Desktop/BBxB/Front_End_BBxB/Data/BBxBImages/Run 3_Camera 4 360_286_3.jpg,39.30995194444444,-76.64456055555556,355.6133302
Run 3_Camera 4 360_292_1.jpg,/Users/jiaweihu/Desktop/BBxB/Front_End_BBxB/Data/BBxBImages/Run 3_Camera 4 360_292_1.jpg,39.30996111111111,-76.64434777777778,355.590321
Run 3_Camera 4 360_295_3.jpg,/Users/jiaweihu/Desktop/BBxB/Front_End_BBxB/Data/BBxBImages/Run 3_Camera 4 360_295_3.jpg,39.30996611111111,-76.64424166666667,354.819636
Run 3_Camera 4 360_321_1.jpg,/Users/jiaweihu/Desktop/BBxB/Front_End_BBxB/Data/BBxBImages/Run 3_Camera 4 360_321_1.jpg,39.29387527777778,-76.66054111111112,355.6703888
Run 3_Camera 4 360_327_1.jpg,/Users/jiaweihu/Desktop/BBxB/Front_End_BBxB/Data/BBxBImages/Run 3_Camera 4 360_327_1.jpg,39.293884166666665,-76.66032777777778,356.1022064
Run 3_Camera 4 360_328_3.jpg,/Users/jiaweihu/Desktop/BBxB/Front_End_BBxB/Data/BBxBImages/Run 3_Camera 4 360_328_3.jpg,39.293885555555555,-76.66029194444445,356.33275
Run 3_Camera 4 360_335_3.jpg,/Users/jiaweihu/Desktop/BBxB/Front_End_BBxB/Data/BBxBImages/Run 3_Camera 4 360_335_3.jpg,39.29389361111111,-76.66004583333334,356.093662
Run 3_Camera 4 360_338_1.jpg,/Users/jiaweihu/Desktop/BBxB/Front_End_BBxB/Data/BBxBImages/Run 3_Camera 4 360_338_1.jpg,39.29389777777778,-76.65993972222223,355.68912
Run 3_Camera 4 360_33_1.jpg,/Users/jiaweihu/Desktop/BBxB/Front_End_BBxB/Data/BBxBImages/Run 3_Camera 4 360_33_1.jpg,39.30955194444444,-76.65359055555557,356.135695
Run 3_Camera 4 360_345_1.jpg,/Users/jiaweihu/Desktop/BBxB/Front_End_BBxB/Data/BBxBImages/Run 3_Camera 4 360_345_1.jpg,39.29390861111111,-76.65969277777778,356.060144
Run 3_Camera 4 360_348_1.jpg,/Users/jiaweihu/Desktop/BBxB/Front_End_BBxB/Data/BBxBImages/Run 3_Camera 4 360_348_1.jpg,39.293911944444446,-76.65958777777779,356.6687912
Run 3_Camera 4 360_34_3.jpg,/Users/jiaweihu/Desktop/BBxB/Front_End_BBxB/Data/BBxBImages/Run 3_Camera 4 360_34_3.jpg,39.29467833333333,-76.65876472222223,176.4774716
Run 3_Camera 4 360_39_1.jpg,/Users/jiaweihu/Desktop/BBxB/Front_End_BBxB/Data/BBxBImages/Run 3_Camera 4 360_39_1.jpg,39.30956,-76.65337666666667,355.8384488
Run 3_Camera 4 360_43_1.jpg,/Users/jiaweihu/Desktop/BBxB/Front_End_BBxB/Data/BBxBImages/Run 3_Camera 4 360_43_1.jpg,39.294666944444444,-76.65908361111111,176.1783415
Run 3_Camera 4 360_7_3.jpg,/Users/jiaweihu/Desktop/BBxB/Front_End_BBxB/Data/BBxBImages/Run 3_Camera 4 360_7_3.jpg,39.3095175,-76.65451222222222,355.8922935
Run 3_Camera 4 360_81_1.jpg,/Users/jiaweihu/Desktop/BBxB/Front_End_BBxB/Data/BBxBImages/Run 3_Camera 4 360_81_1.jpg,39.29461666666666,-76.66042805555556,175.876313
Run 3_Camera 4 360_97_1.jpg,/Users/jiaweihu/Desktop/BBxB/Front_End_BBxB/Data/BBxBImages/Run 3_Camera 4 360_97_1.jpg,39.29459694444444,-76.66099555555556,175.9199628
Run 40_Camera 4 360_18_1.jpg,/Users/jiaweihu/Desktop/BBxB/Front_End_BBxB/Data/BBxBImages/Run 40_Camera 4 360_18_1.jpg,39.322252222222225,-76.61733944444444,266.020177
Run 42_Camera 4 360_101_3.jpg,/Users/jiaweihu/Desktop/BBxB/Front_End_BBxB/Data/BBxBImages/Run 42_Camera 4 360_101_3.jpg,39.32177555555556,-76.62294527777777,147.7336912
Run 4_Camera 4 360_11_3.jpg,/Users/jiaweihu/Desktop/BBxB/Front_End_BBxB/Data/BBxBImages/Run 4_Camera 4 360_11_3.jpg,39.31001416666666,-76.64293222222223,355.9410994
Run 4_Camera 4 360_165_1.jpg,/Users/jiaweihu/Desktop/BBxB/Front_End_BBxB/Data/BBxBImages/Run 4_Camera 4 360_165_1.jpg,39.29832972222222,-76.65862333333334,355.659828
Run 4_Camera 4 360_174_1.jpg,/Users/jiaweihu/Desktop/BBxB/Front_End_BBxB/Data/BBxBImages/Run 4_Camera 4 360_174_1.jpg,39.2983425,-76.6583075,355.8095616
Run 4_Camera 4 360_179_3.jpg,/Users/jiaweihu/Desktop/BBxB/Front_End_BBxB/Data/BBxBImages/Run 4_Camera 4 360_179_3.jpg,39.29833555555555,-76.6581238888889,39.96926226
Run 4_Camera 4 360_214_1.jpg,/Users/jiaweihu/Desktop/BBxB/Front_End_BBxB/Data/BBxBImages/Run 4_Camera 4 360_214_1.jpg,39.297602499999996,-76.65771388888889,356.472012
Run 4_Camera 4 360_219_3.jpg,/Users/jiaweihu/Desktop/BBxB/Front_End_BBxB/Data/BBxBImages/Run 4_Camera 4 360_219_3.jpg,39.29760722222222,-76.6575363888889,356.3932472
Run 4_Camera 4 360_226_1.jpg,/Users/jiaweihu/Desktop/BBxB/Front_End_BBxB/Data/BBxBImages/Run 4_Camera 4 360_226_1.jpg,39.29761638888889,-76.65728916666667,355.925349
Run 4_Camera 4 360_299_1.jpg,/Users/jiaweihu/Desktop/BBxB/Front_End_BBxB/Data/BBxBImages/Run 4_Camera 4 360_299_1.jpg,39.29695944444444,-76.6554888888889,357.0888752
Run 4_Camera 4 360_332_1.jpg,/Users/jiaweihu/Desktop/BBxB/Front_End_BBxB/Data/BBxBImages/Run 4_Camera 4 360_332_1.jpg,39.296459444444444,-76.65489166666667,87.59953155
Run 4_Camera 4 360_55_3.jpg,/Users/jiaweihu/Desktop/BBxB/Front_End_BBxB/Data/BBxBImages/Run 4_Camera 4 360_55_3.jpg,39.310092777777776,-76.64136666666667,354.9991726
Run 4_Camera 4 360_68_1.jpg,/Users/jiaweihu/Desktop/BBxB/Front_End_BBxB/Data/BBxBImages/Run 4_Camera 4 360_68_1.jpg,39.310114444444444,-76.64090444444444,355.034501
Run 4_Camera 4 360_70_1.jpg,/Users/jiaweihu/Desktop/BBxB/Front_End_BBxB/Data/BBxBImages/Run 4_Camera 4 360_70_1.jpg,39.310118055555556,-76.64083222222223,355.673129
Run 4_Camera 4 360_78_3.jpg,/Users/jiaweihu/Desktop/BBxB/Front_End_BBxB/Data/BBxBImages/Run 4_Camera 4 360_78_3.jpg,39.31336472222222,-76.6150725,86.69395625
Run 4_Camera 4 360_80_3.jpg,/Users/jiaweihu/Desktop/BBxB/Front_End_BBxB/Data/BBxBImages/Run 4_Camera 4 360_80_3.jpg,39.310131388888884,-76.64047722222223,355.47580672
Run 4_Camera 4 360_88_3.jpg,/Users/jiaweihu/Desktop/BBxB/Front_End_BBxB/Data/BBxBImages/Run 4_Camera 4 360_88_3.jpg,39.313089999999995,-76.61505777777778,85.9878153
Run 4_Camera 4 360_89_3.jpg,/Users/jiaweihu/Desktop/BBxB/Front_End_BBxB/Data/BBxBImages/Run 4_Camera 4 360_89_3.jpg,39.31014611111111,-76.64015527777778,355.720961
Run 5_Camera 4 360_107_3.jpg,/Users/jiaweihu/Desktop/BBxB/Front_End_BBxB/Data/BBxBImages/Run 5_Camera 4 360_107_3.jpg,39.31118166666666,-76.6128375,355.2431368
Run 5_Camera 4 360_117_1.jpg,/Users/jiaweihu/Desktop/BBxB/Front_End_BBxB/Data/BBxBImages/Run 5_Camera 4 360_117_1.jpg,39.29553055555555,-76.65789416666668,262.115736
Run 5_Camera 4 360_125_3.jpg,/Users/jiaweihu/Desktop/BBxB/Front_End_BBxB/Data/BBxBImages/Run 5_Camera 4 360_125_3.jpg,39.29575,-76.65791,266.9394532
Run 5_Camera 4 360_157_3.jpg,/Users/jiaweihu/Desktop/BBxB/Front_End_BBxB/Data/BBxBImages/Run 5_Camera 4 360_157_3.jpg,39.29661861111111,-76.65795138888889,266.676795
Run 5_Camera 4 360_190_1.jpg,/Users/jiaweihu/Desktop/BBxB/Front_End_BBxB/Data/BBxBImages/Run 5_Camera 4 360_190_1.jpg,39.29751583333333,-76.65799527777779,265.967878
Run 5_Camera 4 360_198_1.jpg,/Users/jiaweihu/Desktop/BBxB/Front_End_BBxB/Data/BBxBImages/Run 5_Camera 4 360_198_1.jpg,39.297734999999996,-76.6580088888889,266.3786824
Run 5_Camera 4 360_24_3.jpg,/Users/jiaweihu/Desktop/BBxB/Front_End_BBxB/Data/BBxBImages/Run 5_Camera 4 360_24_3.jpg,39.31024361111111,-76.6379613888889,355.9825434
Run 5_Camera 4 360_32_3.jpg,/Users/jiaweihu/Desktop/BBxB/Front_End_BBxB/Data/BBxBImages/Run 5_Camera 4 360_32_3.jpg,39.311575,-76.61495805555555,85.8524425
Run 5_Camera 4 360_35_1.jpg,/Users/jiaweihu/Desktop/BBxB/Front_End_BBxB/Data/BBxBImages/Run 5_Camera 4 360_35_1.jpg,39.31149194444444,-76.6149525,85.66643264
Run 5_Camera 4 360_59_1.jpg,/Users/jiaweihu/Desktop/BBxB/Front_End_BBxB/Data/BBxBImages/Run 5_Camera 4 360_59_1.jpg,39.295524444444446,-76.65589444444446,177.027522
Run 5_Camera 4 360_61_3.jpg,/Users/jiaweihu/Desktop/BBxB/Front_End_BBxB/Data/BBxBImages/Run 5_Camera 4 360_61_3.jpg,39.29552277777778,-76.65596472222222,176.5979266
Run 5_Camera 4 360_69_1.jpg,/Users/jiaweihu/Desktop/BBxB/Front_End_BBxB/Data/BBxBImages/Run 5_Camera 4 360_69_1.jpg,39.29551416666666,-76.6562438888889,176.7179505
Run 5_Camera 4 360_79_3.jpg,/Users/jiaweihu/Desktop/BBxB/Front_End_BBxB/Data/BBxBImages/Run 5_Camera 4 360_79_3.jpg,39.311119166666664,-76.61382888888889,355.8039
Run 5_Camera 4 360_98_3.jpg,/Users/jiaweihu/Desktop/BBxB/Front_End_BBxB/Data/BBxBImages/Run 5_Camera 4 360_98_3.jpg,39.311166388888886,-76.61315555555555,354.613376
Run 6_Camera 4 360_12_1.jpg,/Users/jiaweihu/Desktop/BBxB/Front_End_BBxB/Data/BBxBImages/Run 6_Camera 4 360_12_1.jpg,39.298360277777775,-76.65846694444446,176.8628297
Run 6_Camera 4 360_205_3.jpg,/Users/jiaweihu/Desktop/BBxB/Front_End_BBxB/Data/BBxBImages/Run 6_Camera 4 360_205_3.jpg,39.31064833333333,-76.62686527777777,353.23143
Run 6_Camera 4 360_209_3.jpg,/Users/jiaweihu/Desktop/BBxB/Front_End_BBxB/Data/BBxBImages/Run 6_Camera 4 360_209_3.jpg,39.31065861111111,-76.62672333333333,353.364832
Run 6_Camera 4 360_26_3.jpg,/Users/jiaweihu/Desktop/BBxB/Front_End_BBxB/Data/BBxBImages/Run 6_Camera 4 360_26_3.jpg,39.31123583333333,-76.611705,355.036842
Run 6_Camera 4 360_37_3.jpg,/Users/jiaweihu/Desktop/BBxB/Front_End_BBxB/Data/BBxBImages/Run 6_Camera 4 360_37_3.jpg,39.311252777777774,-76.61131444444445,355.3473118
Run 6_Camera 4 360_3_3.jpg,/Users/jiaweihu/Desktop/BBxB/Front_End_BBxB/Data/BBxBImages/Run 6_Camera 4 360_3_3.jpg,39.31119722222222,-76.61251972222222,355.419426
Run 6_Camera 4 360_7_3.jpg,/Users/jiaweihu/Desktop/BBxB/Front_End_BBxB/Data/BBxBImages/Run 6_Camera 4 360_7_3.jpg,39.2983675,-76.65828916666668,174.5883016
Run 6_Camera 4 360_8_1.jpg,/Users/jiaweihu/Desktop/BBxB/Front_End_BBxB/Data/BBxBImages/Run 6_Camera 4 360_8_1.jpg,39.298365555555556,-76.658325,175.3106644
Run 7_Camera 4 360_103_3.jpg,/Users/jiaweihu/Desktop/BBxB/Front_End_BBxB/Data/BBxBImages/Run 7_Camera 4 360_103_3.jpg,39.29813222222222,-76.66305472222223,175.9752764
Run 7_Camera 4 360_106_1.jpg,/Users/jiaweihu/Desktop/BBxB/Front_End_BBxB/Data/BBxBImages/Run 7_Camera 4 360_106_1.jpg,39.29812861111111,-76.66316055555556,176.1013484
Run 7_Camera 4 360_128_3.jpg,/Users/jiaweihu/Desktop/BBxB/Front_End_BBxB/Data/BBxBImages/Run 7_Camera 4 360_128_3.jpg,39.29810138888889,-76.66393583333334,177.449215
Run 7_Camera 4 360_149_3.jpg,/Users/jiaweihu/Desktop/BBxB/Front_End_BBxB/Data/BBxBImages/Run 7_Camera 4 360_149_3.jpg,39.29808027777778,-76.66467972222223,175.84817648
Run 7_Camera 4 360_152_3.jpg,/Users/jiaweihu/Desktop/BBxB/Front_End_BBxB/Data/BBxBImages/Run 7_Camera 4 360_152_3.jpg,39.29807583333333,-76.66478500000001,175.5223169
Run 7_Camera 4 360_155_1.jpg,/Users/jiaweihu/Desktop/BBxB/Front_End_BBxB/Data/BBxBImages/Run 7_Camera 4 360_155_1.jpg,39.311684166666666,-76.60424305555556,354.8637902
Run 7_Camera 4 360_162_1.jpg,/Users/jiaweihu/Desktop/BBxB/Front_End_BBxB/Data/BBxBImages/Run 7_Camera 4 360_162_1.jpg,39.29815333333333,-76.66509,259.343973
Run 7_Camera 4 360_169_1.jpg,/Users/jiaweihu/Desktop/BBxB/Front_End_BBxB/Data/BBxBImages/Run 7_Camera 4 360_169_1.jpg,39.29834527777778,-76.665115,265.3586488
Run 7_Camera 4 360_177_1.jpg,/Users/jiaweihu/Desktop/BBxB/Front_End_BBxB/Data/BBxBImages/Run 7_Camera 4 360_177_1.jpg,39.310986666666665,-76.61946972222222,0.536546772
Run 7_Camera 4 360_21_3.jpg,/Users/jiaweihu/Desktop/BBxB/Front_End_BBxB/Data/BBxBImages/Run 7_Camera 4 360_21_3.jpg,39.298246666666664,-76.66018333333334,171.4957712
Run 7_Camera 4 360_22_1.jpg,/Users/jiaweihu/Desktop/BBxB/Front_End_BBxB/Data/BBxBImages/Run 7_Camera 4 360_22_1.jpg,39.31139833333333,-76.60898916666666,349.3187342
Run 7_Camera 4 360_233_3.jpg,/Users/jiaweihu/Desktop/BBxB/Front_End_BBxB/Data/BBxBImages/Run 7_Camera 4 360_233_3.jpg,39.31097611111111,-76.61747527777777,355.4475046
Run 7_Camera 4 360_251_1.jpg,/Users/jiaweihu/Desktop/BBxB/Front_End_BBxB/Data/BBxBImages/Run 7_Camera 4 360_251_1.jpg,39.31182388888889,-76.60082805555555,355.5868528
Run 7_Camera 4 360_271_3.jpg,/Users/jiaweihu/Desktop/BBxB/Front_End_BBxB/Data/BBxBImages/Run 7_Camera 4 360_271_3.jpg,39.311053055555554,-76.61611749999999,355.9990724
Run 7_Camera 4 360_278_3.jpg,/Users/jiaweihu/Desktop/BBxB/Front_End_BBxB/Data/BBxBImages/Run 7_Camera 4 360_278_3.jpg,39.31106222222222,-76.61587,355.741814
Run 7_Camera 4 360_285_3.jpg,/Users/jiaweihu/Desktop/BBxB/Front_End_BBxB/Data/BBxBImages/Run 7_Camera 4 360_285_3.jpg,39.31107111111111,-76.61562472222222,357.1775072
Run 7_Camera 4 360_88_1.jpg,/Users/jiaweihu/Desktop/BBxB/Front_End_BBxB/Data/BBxBImages/Run 7_Camera 4 360_88_1.jpg,39.31155444444444,-76.60663555555556,352.728423
Run 7_Camera 4 360_96_3.jpg,/Users/jiaweihu/Desktop/BBxB/Front_End_BBxB/Data/BBxBImages/Run 7_Camera 4 360_96_3.jpg,39.29814416666667,-76.66280777777779,174.6478686
Run 7_Camera 4 360_97_1.jpg,/Users/jiaweihu/Desktop/BBxB/Front_End_BBxB/Data/BBxBImages/Run 7_Camera 4 360_97_1.jpg,39.31157916666666,-76.60631749999999,353.984365
Run 8_Camera 4 360_111_1.jpg,/Users/jiaweihu/Desktop/BBxB/Front_End_BBxB/Data/BBxBImages/Run 8_Camera 4 360_111_1.jpg,39.300356666666666,-76.66321583333334,1.497980265
Run 8_Camera 4 360_134_3.jpg,/Users/jiaweihu/Desktop/BBxB/Front_End_BBxB/Data/BBxBImages/Run 8_Camera 4 360_134_3.jpg,39.30037111111111,-76.66240694444446,355.704268
Run 8_Camera 4 360_148_3.jpg,/Users/jiaweihu/Desktop/BBxB/Front_End_BBxB/Data/BBxBImages/Run 8_Camera 4 360_148_3.jpg,39.31213194444444,-76.59438333333333,355.2824774
Run 8_Camera 4 360_169_3.jpg,/Users/jiaweihu/Desktop/BBxB/Front_End_BBxB/Data/BBxBImages/Run 8_Camera 4 360_169_3.jpg,39.31216555555555,-76.59362833333333,355.404736
Run 8_Camera 4 360_197_1.jpg,/Users/jiaweihu/Desktop/BBxB/Front_End_BBxB/Data/BBxBImages/Run 8_Camera 4 360_197_1.jpg,39.31220916666666,-76.592635,355.3326472
Run 8_Camera 4 360_201_3.jpg,/Users/jiaweihu/Desktop/BBxB/Front_End_BBxB/Data/BBxBImages/Run 8_Camera 4 360_201_3.jpg,39.31221583333333,-76.59249277777778,355.8366812
Run 8_Camera 4 360_23_1.jpg,/Users/jiaweihu/Desktop/BBxB/Front_End_BBxB/Data/BBxBImages/Run 8_Camera 4 360_23_1.jpg,39.31110722222222,-76.61469583333333,354.085866
Run 8_Camera 4 360_272_3.jpg,/Users/jiaweihu/Desktop/BBxB/Front_End_BBxB/Data/BBxBImages/Run 8_Camera 4 360_272_3.jpg,39.312328888888885,-76.58995638888888,355.559594
Run 8_Camera 4 360_273_1.jpg,/Users/jiaweihu/Desktop/BBxB/Front_End_BBxB/Data/BBxBImages/Run 8_Camera 4 360_273_1.jpg,39.312330277777775,-76.58991972222222,355.589142
Run 8_Camera 4 360_284_3.jpg,/Users/jiaweihu/Desktop/BBxB/Front_End_BBxB/Data/BBxBImages/Run 8_Camera 4 360_284_3.jpg,39.31234722222222,-76.58952749999999,355.530625
Run 8_Camera 4 360_302_3.jpg,/Users/jiaweihu/Desktop/BBxB/Front_End_BBxB/Data/BBxBImages/Run 8_Camera 4 360_302_3.jpg,39.312374999999996,-76.58888999999999,355.378804
Run 8_Camera 4 360_305_3.jpg,/Users/jiaweihu/Desktop/BBxB/Front_End_BBxB/Data/BBxBImages/Run 8_Camera 4 360_305_3.jpg,39.31238,-76.58878555555555,355.2034872
Run 8_Camera 4 360_377_3.jpg,/Users/jiaweihu/Desktop/BBxB/Front_End_BBxB/Data/BBxBImages/Run 8_Camera 4 360_377_3.jpg,39.31249361111111,-76.586225,356.44138624
Run 8_Camera 4 360_439_3.jpg,/Users/jiaweihu/Desktop/BBxB/Front_End_BBxB/Data/BBxBImages/Run 8_Camera 4 360_439_3.jpg,39.31256916666666,-76.58400944444443,354.000546
Run 8_Camera 4 360_45_1.jpg,/Users/jiaweihu/Desktop/BBxB/Front_End_BBxB/Data/BBxBImages/Run 8_Camera 4 360_45_1.jpg,39.299947777777774,-76.66520666666668,266.1712168
Run 8_Camera 4 360_497_3.jpg,/Users/jiaweihu/Desktop/BBxB/Front_End_BBxB/Data/BBxBImages/Run 8_Camera 4 360_497_3.jpg,39.31162472222222,-76.58306722222221,85.680586
Run 8_Camera 4 360_571_1.jpg,/Users/jiaweihu/Desktop/BBxB/Front_End_BBxB/Data/BBxBImages/Run 8_Camera 4 360_571_1.jpg,39.309576388888885,-76.5829711111111,86.3621174
Run 8_Camera 4 360_577_1.jpg,/Users/jiaweihu/Desktop/BBxB/Front_End_BBxB/Data/BBxBImages/Run 8_Camera 4 360_577_1.jpg,39.30941138888888,-76.58296277777778,86.3654656
Run 8_Camera 4 360_585_3.jpg,/Users/jiaweihu/Desktop/BBxB/Front_End_BBxB/Data/BBxBImages/Run 8_Camera 4 360_585_3.jpg,39.30919194444444,-76.58295055555556,85.894057
Run 8_Camera 4 360_61_1.jpg,/Users/jiaweihu/Desktop/BBxB/Front_End_BBxB/Data/BBxBImages/Run 8_Camera 4 360_61_1.jpg,39.30027305555555,-76.66497666666667,355.2376015
Run 8_Camera 4 360_77_3.jpg,/Users/jiaweihu/Desktop/BBxB/Front_End_BBxB/Data/BBxBImages/Run 8_Camera 4 360_77_3.jpg,39.30029555555555,-76.66441194444445,354.920994
Run 8_Camera 4 360_83_3.jpg,/Users/jiaweihu/Desktop/BBxB/Front_End_BBxB/Data/BBxBImages/Run 8_Camera 4 360_83_3.jpg,39.31202805555555,-76.5967111111111,355.1494568
Run 8_Camera 4 360_93_1.jpg,/Users/jiaweihu/Desktop/BBxB/Front_End_BBxB/Data/BBxBImages/Run 8_Camera 4 360_93_1.jpg,39.30031444444444,-76.66384722222223,357.224087
Run 8_Camera 4 360_93_3.jpg,/Users/jiaweihu/Desktop/BBxB/Front_End_BBxB/Data/BBxBImages/Run 8_Camera 4 360_93_3.jpg,39.30031444444444,-76.66384722222223,357.224087
Run 8_Camera 4 360_98_3.jpg,/Users/jiaweihu/Desktop/BBxB/Front_End_BBxB/Data/BBxBImages/Run 8_Camera 4 360_98_3.jpg,39.30032055555555,-76.66367166666667,357.243707
Run 9_Camera 4 360_101_1.jpg,/Users/jiaweihu/Desktop/BBxB/Front_End_BBxB/Data/BBxBImages/Run 9_Camera 4 360_101_1.jpg,39.30638777777777,-76.58278833333333,86.5451142
Run 9_Camera 4 360_107_1.jpg,/Users/jiaweihu/Desktop/BBxB/Front_End_BBxB/Data/BBxBImages/Run 9_Camera 4 360_107_1.jpg,39.306222777777776,-76.58278027777777,86.582737
Run 9_Camera 4 360_134_1.jpg,/Users/jiaweihu/Desktop/BBxB/Front_End_BBxB/Data/BBxBImages/Run 9_Camera 4 360_134_1.jpg,39.29901916666667,-76.6565688888889,87.1487012
Run 9_Camera 4 360_138_3.jpg,/Users/jiaweihu/Desktop/BBxB/Front_End_BBxB/Data/BBxBImages/Run 9_Camera 4 360_138_3.jpg,39.29890888888889,-76.656565,86.9401727
Run 9_Camera 4 360_149_1.jpg,/Users/jiaweihu/Desktop/BBxB/Front_End_BBxB/Data/BBxBImages/Run 9_Camera 4 360_149_1.jpg,39.298605555555554,-76.65655055555555,86.5898754
Run 9_Camera 4 360_160_3.jpg,/Users/jiaweihu/Desktop/BBxB/Front_End_BBxB/Data/BBxBImages/Run 9_Camera 4 360_160_3.jpg,39.2983025,-76.65653916666668,86.9182422
Run 9_Camera 4 360_195_3.jpg,/Users/jiaweihu/Desktop/BBxB/Front_End_BBxB/Data/BBxBImages/Run 9_Camera 4 360_195_3.jpg,39.29733833333333,-76.65648444444444,85.6640279
Run 9_Camera 4 360_19_3.jpg,/Users/jiaweihu/Desktop/BBxB/Front_End_BBxB/Data/BBxBImages/Run 9_Camera 4 360_19_3.jpg,39.31153166666667,-76.61381999999999,266.065335
Run 9_Camera 4 360_218_1.jpg,/Users/jiaweihu/Desktop/BBxB/Front_End_BBxB/Data/BBxBImages/Run 9_Camera 4 360_218_1.jpg,39.296908888888886,-76.65681333333333,175.5899716
Run 9_Camera 4 360_229_1.jpg,/Users/jiaweihu/Desktop/BBxB/Front_End_BBxB/Data/BBxBImages/Run 9_Camera 4 360_229_1.jpg,39.29689333333333,-76.65720222222222,176.316556
Run 9_Camera 4 360_22_3.jpg,/Users/jiaweihu/Desktop/BBxB/Front_End_BBxB/Data/BBxBImages/Run 9_Camera 4 360_22_3.jpg,39.311613888888886,-76.61382527777778,265.777959
Run 9_Camera 4 360_241_1.jpg,/Users/jiaweihu/Desktop/BBxB/Front_End_BBxB/Data/BBxBImages/Run 9_Camera 4 360_241_1.jpg,39.29687916666666,-76.65762500000001,176.9866486
Run 9_Camera 4 360_276_3.jpg,/Users/jiaweihu/Desktop/BBxB/Front_End_BBxB/Data/BBxBImages/Run 9_Camera 4 360_276_3.jpg,39.296143888888885,-76.6579325,86.68212672
Run 9_Camera 4 360_2_1.jpg,/Users/jiaweihu/Desktop/BBxB/Front_End_BBxB/Data/BBxBImages/Run 9_Camera 4 360_2_1.jpg,39.311187222222216,-76.61399027777777,356.8916236
Run 9_Camera 4 360_300_1.jpg,/Users/jiaweihu/Desktop/BBxB/Front_End_BBxB/Data/BBxBImages/Run 9_Camera 4 360_300_1.jpg,39.29548638888889,-76.65790972222223,87.61441936
Run 9_Camera 4 360_304_3.jpg,/Users/jiaweihu/Desktop/BBxB/Front_End_BBxB/Data/BBxBImages/Run 9_Camera 4 360_304_3.jpg,39.29537722222222,-76.65790750000001,86.8096876
Run 9_Camera 4 360_31_1.jpg,/Users/jiaweihu/Desktop/BBxB/Front_End_BBxB/Data/BBxBImages/Run 9_Camera 4 360_31_1.jpg,39.300711388888885,-76.6582075,85.8158637837489
Run 9_Camera 4 360_320_1.jpg,/Users/jiaweihu/Desktop/BBxB/Front_End_BBxB/Data/BBxBImages/Run 9_Camera 4 360_320_1.jpg,39.294939444444445,-76.65788555555557,86.656184
Run 9_Camera 4 360_32_3.jpg,/Users/jiaweihu/Desktop/BBxB/Front_End_BBxB/Data/BBxBImages/Run 9_Camera 4 360_32_3.jpg,39.31189027777778,-76.61384249999999,266.218881
Run 9_Camera 4 360_54_3.jpg,/Users/jiaweihu/Desktop/BBxB/Front_End_BBxB/Data/BBxBImages/Run 9_Camera 4 360_54_3.jpg,39.307677777777776,-76.58287027777777,85.71326
Run 9_Camera 4 360_71_3.jpg,/Users/jiaweihu/Desktop/BBxB/Front_End_BBxB/Data/BBxBImages/Run 9_Camera 4 360_71_3.jpg,39.31227916666666,-76.61473416666666,176.2890865
Run 9_Camera 4 360_78_3.jpg,/Users/jiaweihu/Desktop/BBxB/Front_End_BBxB/Data/BBxBImages/Run 9_Camera 4 360_78_3.jpg,39.30701861111111,-76.58283305555555,86.6429592
Run 9_Camera 4 360_82_3.jpg,/Users/jiaweihu/Desktop/BBxB/Front_End_BBxB/Data/BBxBImages/Run 9_Camera 4 360_82_3.jpg,39.29944361111111,-76.65792555555556,355.5404186
Run 9_Camera 4 360_98_3.jpg,/Users/jiaweihu/Desktop/BBxB/Front_End_BBxB/Data/BBxBImages/Run 9_Camera 4 360_98_3.jpg,39.30647027777778,-76.58279277777777,86.2157438
